,FileName_OrigER,PathName_OrigER,FileName_OrigRNA,PathName_OrigRNA,FileName_OrigAGP,PathName_OrigAGP,FileName_OrigMito,PathName_OrigMito,FileName_OrigBrightfield,PathName_OrigBrightfield,FileName_OrigDNA,PathName_OrigDNA,Metadata_Plate,Metadata_Well,Metadata_Site,Metadata_AbsPositionZ,Metadata_ChannelID,Metadata_Col,Metadata_FieldID,Metadata_PlaneID,Metadata_PositionX,Metadata_PositionY,Metadata_PositionZ,Metadata_Row,Metadata_Reimaged,time_point,platemap_file,cell_line,row,column,seeding_density,condition
0,r13c13f01p01-ch2sk1fk1fl1.tiff,/mnt/data_nvme1/data/ALSF_pilot_data/SN0313537/BR00143976__2024-07-04T16_04_45-Measurement 2/Images,r13c13f01p01-ch6sk1fk1fl1.tiff,/mnt/data_nvme1/data/ALSF_pilot_data/SN0313537/BR00143976__2024-07-04T16_04_45-Measurement 2/Images,r13c13f01p01-ch3sk1fk1fl1.tiff,/mnt/data_nvme1/data/ALSF_pilot_data/SN0313537/BR00143976__2024-07-04T16_04_45-Measurement 2/Images,r13c13f01p01-ch4sk1fk1fl1.tiff,/mnt/data_nvme1/data/ALSF_pilot_data/SN0313537/BR00143976__2024-07-04T16_04_45-Measurement 2/Images,r13c13f01p01-ch1sk1fk1fl1.tiff,/mnt/data_nvme1/data/ALSF_pilot_data/SN0313537/BR00143976__2024-07-04T16_04_45-Measurement 2/Images,r13c13f01p01-ch5sk1fk1fl1.tiff,/mnt/data_nvme1/data/ALSF_pilot_data/SN0313537/BR00143976__2024-07-04T16_04_45-Measurement 2/Images,BR00143976,M13,1,0.134342,5,13,1,1,0.0,0.0,-6e-06,13,False,24,Assay_Plate1_platemap,U2-OS,M,13,1000,standard
1,r13c13f02p01-ch2sk1fk1fl1.tiff,/mnt/data_nvme1/data/ALSF_pilot_data/SN0313537/BR00143976__2024-07-04T16_04_45-Measurement 2/Images,r13c13f02p01-ch6sk1fk1fl1.tiff,/mnt/data_nvme1/data/ALSF_pilot_data/SN0313537/BR00143976__2024-07-04T16_04_45-Measurement 2/Images,r13c13f02p01-ch3sk1fk1fl1.tiff,/mnt/data_nvme1/data/ALSF_pilot_data/SN0313537/BR00143976__2024-07-04T16_04_45-Measurement 2/Images,r13c13f02p01-ch4sk1fk1fl1.tiff,/mnt/data_nvme1/data/ALSF_pilot_data/SN0313537/BR00143976__2024-07-04T16_04_45-Measurement 2/Images,r13c13f02p01-ch1sk1fk1fl1.tiff,/mnt/data_nvme1/data/ALSF_pilot_data/SN0313537/BR00143976__2024-07-04T16_04_45-Measurement 2/Images,r13c13f02p01-ch5sk1fk1fl1.tiff,/mnt/data_nvme1/data/ALSF_pilot_data/SN0313537/BR00143976__2024-07-04T16_04_45-Measurement 2/Images,BR00143976,M13,2,0.134340405,5,13,2,1,-0.000645814,0.000645814,-6e-06,13,False,24,Assay_Plate1_platemap,U2-OS,M,13,1000,standard
2,r13c13f03p01-ch2sk1fk1fl1.tiff,/mnt/data_nvme1/data/ALSF_pilot_data/SN0313537/BR00143976__2024-07-04T16_04_45-Measurement 2/Images,r13c13f03p01-ch6sk1fk1fl1.tiff,/mnt/data_nvme1/data/ALSF_pilot_data/SN0313537/BR00143976__2024-07-04T16_04_45-Measurement 2/Images,r13c13f03p01-ch3sk1fk1fl1.tiff,/mnt/data_nvme1/data/ALSF_pilot_data/SN0313537/BR00143976__2024-07-04T16_04_45-Measurement 2/Images,r13c13f03p01-ch4sk1fk1fl1.tiff,/mnt/data_nvme1/data/ALSF_pilot_data/SN0313537/BR00143976__2024-07-04T16_04_45-Measurement 2/Images,r13c13f03p01-ch1sk1fk1fl1.tiff,/mnt/data_nvme1/data/ALSF_pilot_data/SN0313537/BR00143976__2024-07-04T16_04_45-Measurement 2/Images,r13c13f03p01-ch5sk1fk1fl1.tiff,/mnt/data_nvme1/data/ALSF_pilot_data/SN0313537/BR00143976__2024-07-04T16_04_45-Measurement 2/Images,BR00143976,M13,3,0.134340495,5,13,3,1,0.0,0.000645814,-6e-06,13,False,24,Assay_Plate1_platemap,U2-OS,M,13,1000,standard
3,r13c13f04p01-ch2sk1fk1fl1.tiff,/mnt/data_nvme1/data/ALSF_pilot_data/SN0313537/BR00143976__2024-07-04T16_04_45-Measurement 2/Images,r13c13f04p01-ch6sk1fk1fl1.tiff,/mnt/data_nvme1/data/ALSF_pilot_data/SN0313537/BR00143976__2024-07-04T16_04_45-Measurement 2/Images,r13c13f04p01-ch3sk1fk1fl1.tiff,/mnt/data_nvme1/data/ALSF_pilot_data/SN0313537/BR00143976__2024-07-04T16_04_45-Measurement 2/Images,r13c13f04p01-ch4sk1fk1fl1.tiff,/mnt/data_nvme1/data/ALSF_pilot_data/SN0313537/BR00143976__2024-07-04T16_04_45-Measurement 2/Images,r13c13f04p01-ch1sk1fk1fl1.tiff,/mnt/data_nvme1/data/ALSF_pilot_data/SN0313537/BR00143976__2024-07-04T16_04_45-Measurement 2/Images,r13c13f04p01-ch5sk1fk1fl1.tiff,/mnt/data_nvme1/data/ALSF_pilot_data/SN0313537/BR00143976__2024-07-04T16_04_45-Measurement 2/Images,BR00143976,M13,4,0.134339005,5,13,4,1,0.000645814,0.000645814,-6e-06,13,False,24,Assay_Plate1_platemap,U2-OS,M,13,1000,standard
4,r13c13f05p01-ch2sk1fk1fl1.tiff,/mnt/data_nvme1/data/ALSF_pilot_data/SN0313537/BR00143976__2024-07-04T16_04_45-Measurement 2/Images,r13c13f05p01-ch6sk1fk1fl1.tiff,/mnt/data_nvme1/data/ALSF_pilot_data/SN0313537/BR00143976__2024-07-04T16_04_45-Measurement 2/Images,r13c13f05p01-ch3sk1fk1fl1.tiff,/mnt/data_nvme1/data/ALSF_pilot_data/SN0313537/BR00143976__2024-07-04T16_04_45-Measurement 2/Images,r13c13f05p01-ch4sk1fk1fl1.tiff,/mnt/data_nvme1/data/ALSF_pilot_data/SN0313537/BR00143976__2024-07-04T16_04_45-Measurement 2/Images,r13c13f05p01-ch1sk1fk1fl1.tiff,/mnt/data_nvme1/data/ALSF_pilot_data/SN0313537/BR00143976__2024-07-04T16_04_45-Measurement 2/Images,r13c13f05p01-ch5sk1fk1fl1.tiff,/mnt/data_nvme1/data/ALSF_pilot_data/SN0313537/BR00143976__2024-07-04T16_04_45-Measurement 2/Images,BR00143976,M13,5,0.134339899,5,13,5,1,0.000645814,0.0,-6e-06,13,False,24,Assay_Plate1_platemap,U2-OS,M,13,1000,standard
5,r13c13f06p01-ch2sk1fk1fl1.tiff,/mnt/data_nvme1/data/ALSF_pilot_data/SN0313537/BR00143976__2024-07-04T16_04_45-Measurement 2/Images,r13c13f06p01-ch6sk1fk1fl1.tiff,/mnt/data_nvme1/data/ALSF_pilot_data/SN0313537/BR00143976__2024-07-04T16_04_45-Measurement 2/Images,r13c13f06p01-ch3sk1fk1fl1.tiff,/mnt/data_nvme1/data/ALSF_pilot_data/SN0313537/BR00143976__2024-07-04T16_04_45-Measurement 2/Images,r13c13f06p01-ch4sk1fk1fl1.tiff,/mnt/data_nvme1/data/ALSF_pilot_data/SN0313537/BR00143976__2024-07-04T16_04_45-Measurement 2/Images,r13c13f06p01-ch1sk1fk1fl1.tiff,/mnt/data_nvme1/data/ALSF_pilot_data/SN0313537/BR00143976__2024-07-04T16_04_45-Measurement 2/Images,r13c13f06p01-ch5sk1fk1fl1.tiff,/mnt/data_nvme1/data/ALSF_pilot_data/SN0313537/BR00143976__2024-07-04T16_04_45-Measurement 2/Images,BR00143976,M13,6,0.134343296,5,13,6,1,-0.000645814,0.0,-6e-06,13,False,24,Assay_Plate1_platemap,U2-OS,M,13,1000,standard
6,r13c13f07p01-ch2sk1fk1fl1.tiff,/mnt/data_nvme1/data/ALSF_pilot_data/SN0313537/BR00143976__2024-07-04T16_04_45-Measurement 2/Images,r13c13f07p01-ch6sk1fk1fl1.tiff,/mnt/data_nvme1/data/ALSF_pilot_data/SN0313537/BR00143976__2024-07-04T16_04_45-Measurement 2/Images,r13c13f07p01-ch3sk1fk1fl1.tiff,/mnt/data_nvme1/data/ALSF_pilot_data/SN0313537/BR00143976__2024-07-04T16_04_45-Measurement 2/Images,r13c13f07p01-ch4sk1fk1fl1.tiff,/mnt/data_nvme1/data/ALSF_pilot_data/SN0313537/BR00143976__2024-07-04T16_04_45-Measurement 2/Images,r13c13f07p01-ch1sk1fk1fl1.tiff,/mnt/data_nvme1/data/ALSF_pilot_data/SN0313537/BR00143976__2024-07-04T16_04_45-Measurement 2/Images,r13c13f07p01-ch5sk1fk1fl1.tiff,/mnt/data_nvme1/data/ALSF_pilot_data/SN0313537/BR00143976__2024-07-04T16_04_45-Measurement 2/Images,BR00143976,M13,7,0.134342596,5,13,7,1,-0.000645814,-0.000645814,-6e-06,13,False,24,Assay_Plate1_platemap,U2-OS,M,13,1000,standard
7,r13c13f08p01-ch2sk1fk1fl1.tiff,/mnt/data_nvme1/data/ALSF_pilot_data/SN0313537/BR00143976__2024-07-04T16_04_45-Measurement 2/Images,r13c13f08p01-ch6sk1fk1fl1.tiff,/mnt/data_nvme1/data/ALSF_pilot_data/SN0313537/BR00143976__2024-07-04T16_04_45-Measurement 2/Images,r13c13f08p01-ch3sk1fk1fl1.tiff,/mnt/data_nvme1/data/ALSF_pilot_data/SN0313537/BR00143976__2024-07-04T16_04_45-Measurement 2/Images,r13c13f08p01-ch4sk1fk1fl1.tiff,/mnt/data_nvme1/data/ALSF_pilot_data/SN0313537/BR00143976__2024-07-04T16_04_45-Measurement 2/Images,r13c13f08p01-ch1sk1fk1fl1.tiff,/mnt/data_nvme1/data/ALSF_pilot_data/SN0313537/BR00143976__2024-07-04T16_04_45-Measurement 2/Images,r13c13f08p01-ch5sk1fk1fl1.tiff,/mnt/data_nvme1/data/ALSF_pilot_data/SN0313537/BR00143976__2024-07-04T16_04_45-Measurement 2/Images,BR00143976,M13,8,0.134342507,5,13,8,1,0.0,-0.000645814,-6e-06,13,False,24,Assay_Plate1_platemap,U2-OS,M,13,1000,standard
8,r13c13f09p01-ch2sk1fk1fl1.tiff,/mnt/data_nvme1/data/ALSF_pilot_data/SN0313537/BR00143976__2024-07-04T16_04_45-Measurement 2/Images,r13c13f09p01-ch6sk1fk1fl1.tiff,/mnt/data_nvme1/data/ALSF_pilot_data/SN0313537/BR00143976__2024-07-04T16_04_45-Measurement 2/Images,r13c13f09p01-ch3sk1fk1fl1.tiff,/mnt/data_nvme1/data/ALSF_pilot_data/SN0313537/BR00143976__2024-07-04T16_04_45-Measurement 2/Images,r13c13f09p01-ch4sk1fk1fl1.tiff,/mnt/data_nvme1/data/ALSF_pilot_data/SN0313537/BR00143976__2024-07-04T16_04_45-Measurement 2/Images,r13c13f09p01-ch1sk1fk1fl1.tiff,/mnt/data_nvme1/data/ALSF_pilot_data/SN0313537/BR00143976__2024-07-04T16_04_45-Measurement 2/Images,r13c13f09p01-ch5sk1fk1fl1.tiff,/mnt/data_nvme1/data/ALSF_pilot_data/SN0313537/BR00143976__2024-07-04T16_04_45-Measurement 2/Images,BR00143976,M13,9,0.134340599,5,13,9,1,0.000645814,-0.000645814,-6e-06,13,False,24,Assay_Plate1_platemap,U2-OS,M,13,1000,standard
9,r14c13f01p01-ch2sk1fk1fl1.tiff,/mnt/data_nvme1/data/ALSF_pilot_data/SN0313537/BR00143976__2024-07-04T16_04_45-Measurement 2/Images,r14c13f01p01-ch6sk1fk1fl1.tiff,/mnt/data_nvme1/data/ALSF_pilot_data/SN0313537/BR00143976__2024-07-04T16_04_45-Measurement 2/Images,r14c13f01p01-ch3sk1fk1fl1.tiff,/mnt/data_nvme1/data/ALSF_pilot_data/SN0313537/BR00143976__2024-07-04T16_04_45-Measurement 2/Images,r14c13f01p01-ch4sk1fk1fl1.tiff,/mnt/data_nvme1/data/ALSF_pilot_data/SN0313537/BR00143976__2024-07-04T16_04_45-Measurement 2/Images,r14c13f01p01-ch1sk1fk1fl1.tiff,/mnt/data_nvme1/data/ALSF_pilot_data/SN0313537/BR00143976__2024-07-04T16_04_45-Measurement 2/Images,r14c13f01p01-ch5sk1fk1fl1.tiff,/mnt/data_nvme1/data/ALSF_pilot_data/SN0313537/BR00143976__2024-07-04T16_04_45-Measurement 2/Images,BR00143976,N13,1,0.134351403,5,13,1,1,0.0,0.0,-6e-06,14,False,24,Assay_Plate1_platemap,U2-OS,N,13,1000,standard
10,r14c13f02p01-ch2sk1fk1fl1.tiff,/mnt/data_nvme1/data/ALSF_pilot_data/SN0313537/BR00143976__2024-07-04T16_04_45-Measurement 2/Images,r14c13f02p01-ch6sk1fk1fl1.tiff,/mnt/data_nvme1/data/ALSF_pilot_data/SN0313537/BR00143976__2024-07-04T16_04_45-Measurement 2/Images,r14c13f02p01-ch3sk1fk1fl1.tiff,/mnt/data_nvme1/data/ALSF_pilot_data/SN0313537/BR00143976__2024-07-04T16_04_45-Measurement 2/Images,r14c13f02p01-ch4sk1fk1fl1.tiff,/mnt/data_nvme1/data/ALSF_pilot_data/SN0313537/BR00143976__2024-07-04T16_04_45-Measurement 2/Images,r14c13f02p01-ch1sk1fk1fl1.tiff,/mnt/data_nvme1/data/ALSF_pilot_data/SN0313537/BR00143976__2024-07-04T16_04_45-Measurement 2/Images,r14c13f02p01-ch5sk1fk1fl1.tiff,/mnt/data_nvme1/data/ALSF_pilot_data/SN0313537/BR00143976__2024-07-04T16_04_45-Measurement 2/Images,BR00143976,N13,2,0.134348899,5,13,2,1,-0.000645814,0.000645814,-6e-06,14,False,24,Assay_Plate1_platemap,U2-OS,N,13,1000,standard
11,r14c13f03p01-ch2sk1fk1fl1.tiff,/mnt/data_nvme1/data/ALSF_pilot_data/SN0313537/BR00143976__2024-07-04T16_04_45-Measurement 2/Images,r14c13f03p01-ch6sk1fk1fl1.tiff,/mnt/data_nvme1/data/ALSF_pilot_data/SN0313537/BR00143976__2024-07-04T16_04_45-Measurement 2/Images,r14c13f03p01-ch3sk1fk1fl1.tiff,/mnt/data_nvme1/data/ALSF_pilot_data/SN0313537/BR00143976__2024-07-04T16_04_45-Measurement 2/Images,r14c13f03p01-ch4sk1fk1fl1.tiff,/mnt/data_nvme1/data/ALSF_pilot_data/SN0313537/BR00143976__2024-07-04T16_04_45-Measurement 2/Images,r14c13f03p01-ch1sk1fk1fl1.tiff,/mnt/data_nvme1/data/ALSF_pilot_data/SN0313537/BR00143976__2024-07-04T16_04_45-Measurement 2/Images,r14c13f03p01-ch5sk1fk1fl1.tiff,/mnt/data_nvme1/data/ALSF_pilot_data/SN0313537/BR00143976__2024-07-04T16_04_45-Measurement 2/Images,BR00143976,N13,3,0.134347901,5,13,3,1,0.0,0.000645814,-6e-06,14,False,24,Assay_Plate1_platemap,U2-OS,N,13,1000,standard
12,r14c13f04p01-ch2sk1fk1fl1.tiff,/mnt/data_nvme1/data/ALSF_pilot_data/SN0313537/BR00143976__2024-07-04T16_04_45-Measurement 2/Images,r14c13f04p01-ch6sk1fk1fl1.tiff,/mnt/data_nvme1/data/ALSF_pilot_data/SN0313537/BR00143976__2024-07-04T16_04_45-Measurement 2/Images,r14c13f04p01-ch3sk1fk1fl1.tiff,/mnt/data_nvme1/data/ALSF_pilot_data/SN0313537/BR00143976__2024-07-04T16_04_45-Measurement 2/Images,r14c13f04p01-ch4sk1fk1fl1.tiff,/mnt/data_nvme1/data/ALSF_pilot_data/SN0313537/BR00143976__2024-07-04T16_04_45-Measurement 2/Images,r14c13f04p01-ch1sk1fk1fl1.tiff,/mnt/data_nvme1/data/ALSF_pilot_data/SN0313537/BR00143976__2024-07-04T16_04_45-Measurement 2/Images,r14c13f04p01-ch5sk1fk1fl1.tiff,/mnt/data_nvme1/data/ALSF_pilot_data/SN0313537/BR00143976__2024-07-04T16_04_45-Measurement 2/Images,BR00143976,N13,4,0.134346604,5,13,4,1,0.000645814,0.000645814,-6e-06,14,False,24,Assay_Plate1_platemap,U2-OS,N,13,1000,standard
13,r14c13f05p01-ch2sk1fk1fl1.tiff,/mnt/data_nvme1/data/ALSF_pilot_data/SN0313537/BR00143976__2024-07-04T16_04_45-Measurement 2/Images,r14c13f05p01-ch6sk1fk1fl1.tiff,/mnt/data_nvme1/data/ALSF_pilot_data/SN0313537/BR00143976__2024-07-04T16_04_45-Measurement 2/Images,r14c13f05p01-ch3sk1fk1fl1.tiff,/mnt/data_nvme1/data/ALSF_pilot_data/SN0313537/BR00143976__2024-07-04T16_04_45-Measurement 2/Images,r14c13f05p01-ch4sk1fk1fl1.tiff,/mnt/data_nvme1/data/ALSF_pilot_data/SN0313537/BR00143976__2024-07-04T16_04_45-Measurement 2/Images,r14c13f05p01-ch1sk1fk1fl1.tiff,/mnt/data_nvme1/data/ALSF_pilot_data/SN0313537/BR00143976__2024-07-04T16_04_45-Measurement 2/Images,r14c13f05p01-ch5sk1fk1fl1.tiff,/mnt/data_nvme1/data/ALSF_pilot_data/SN0313537/BR00143976__2024-07-04T16_04_45-Measurement 2/Images,BR00143976,N13,5,0.134349197,5,13,5,1,0.000645814,0.0,-6e-06,14,False,24,Assay_Plate1_platemap,U2-OS,N,13,1000,standard
14,r14c13f06p01-ch2sk1fk1fl1.tiff,/mnt/data_nvme1/data/ALSF_pilot_data/SN0313537/BR00143976__2024-07-04T16_04_45-Measurement 2/Images,r14c13f06p01-ch6sk1fk1fl1.tiff,/mnt/data_nvme1/data/ALSF_pilot_data/SN0313537/BR00143976__2024-07-04T16_04_45-Measurement 2/Images,r14c13f06p01-ch3sk1fk1fl1.tiff,/mnt/data_nvme1/data/ALSF_pilot_data/SN0313537/BR00143976__2024-07-04T16_04_45-Measurement 2/Images,r14c13f06p01-ch4sk1fk1fl1.tiff,/mnt/data_nvme1/data/ALSF_pilot_data/SN0313537/BR00143976__2024-07-04T16_04_45-Measurement 2/Images,r14c13f06p01-ch1sk1fk1fl1.tiff,/mnt/data_nvme1/data/ALSF_pilot_data/SN0313537/BR00143976__2024-07-04T16_04_45-Measurement 2/Images,r14c13f06p01-ch5sk1fk1fl1.tiff,/mnt/data_nvme1/data/ALSF_pilot_data/SN0313537/BR00143976__2024-07-04T16_04_45-Measurement 2/Images,BR00143976,N13,6,0.134351894,5,13,6,1,-0.000645814,0.0,-6e-06,14,False,24,Assay_Plate1_platemap,U2-OS,N,13,1000,standard
15,r14c13f07p01-ch2sk1fk1fl1.tiff,/mnt/data_nvme1/data/ALSF_pilot_data/SN0313537/BR00143976__2024-07-04T16_04_45-Measurement 2/Images,r14c13f07p01-ch6sk1fk1fl1.tiff,/mnt/data_nvme1/data/ALSF_pilot_data/SN0313537/BR00143976__2024-07-04T16_04_45-Measurement 2/Images,r14c13f07p01-ch3sk1fk1fl1.tiff,/mnt/data_nvme1/data/ALSF_pilot_data/SN0313537/BR00143976__2024-07-04T16_04_45-Measurement 2/Images,r14c13f07p01-ch4sk1fk1fl1.tiff,/mnt/data_nvme1/data/ALSF_pilot_data/SN0313537/BR00143976__2024-07-04T16_04_45-Measurement 2/Images,r14c13f07p01-ch1sk1fk1fl1.tiff,/mnt/data_nvme1/data/ALSF_pilot_data/SN0313537/BR00143976__2024-07-04T16_04_45-Measurement 2/Images,r14c13f07p01-ch5sk1fk1fl1.tiff,/mnt/data_nvme1/data/ALSF_pilot_data/SN0313537/BR00143976__2024-07-04T16_04_45-Measurement 2/Images,BR00143976,N13,7,0.1343541,5,13,7,1,-0.000645814,-0.000645814,-6e-06,14,False,24,Assay_Plate1_platemap,U2-OS,N,13,1000,standard
16,r14c13f08p01-ch2sk1fk1fl1.tiff,/mnt/data_nvme1/data/ALSF_pilot_data/SN0313537/BR00143976__2024-07-04T16_04_45-Measurement 2/Images,r14c13f08p01-ch6sk1fk1fl1.tiff,/mnt/data_nvme1/data/ALSF_pilot_data/SN0313537/BR00143976__2024-07-04T16_04_45-Measurement 2/Images,r14c13f08p01-ch3sk1fk1fl1.tiff,/mnt/data_nvme1/data/ALSF_pilot_data/SN0313537/BR00143976__2024-07-04T16_04_45-Measurement 2/Images,r14c13f08p01-ch4sk1fk1fl1.tiff,/mnt/data_nvme1/data/ALSF_pilot_data/SN0313537/BR00143976__2024-07-04T16_04_45-Measurement 2/Images,r14c13f08p01-ch1sk1fk1fl1.tiff,/mnt/data_nvme1/data/ALSF_pilot_data/SN0313537/BR00143976__2024-07-04T16_04_45-Measurement 2/Images,r14c13f08p01-ch5sk1fk1fl1.tiff,/mnt/data_nvme1/data/ALSF_pilot_data/SN0313537/BR00143976__2024-07-04T16_04_45-Measurement 2/Images,BR00143976,N13,8,0.134352401,5,13,8,1,0.0,-0.000645814,-6e-06,14,False,24,Assay_Plate1_platemap,U2-OS,N,13,1000,standard
17,r14c13f09p01-ch2sk1fk1fl1.tiff,/mnt/data_nvme1/data/ALSF_pilot_data/SN0313537/BR00143976__2024-07-04T16_04_45-Measurement 2/Images,r14c13f09p01-ch6sk1fk1fl1.tiff,/mnt/data_nvme1/data/ALSF_pilot_data/SN0313537/BR00143976__2024-07-04T16_04_45-Measurement 2/Images,r14c13f09p01-ch3sk1fk1fl1.tiff,/mnt/data_nvme1/data/ALSF_pilot_data/SN0313537/BR00143976__2024-07-04T16_04_45-Measurement 2/Images,r14c13f09p01-ch4sk1fk1fl1.tiff,/mnt/data_nvme1/data/ALSF_pilot_data/SN0313537/BR00143976__2024-07-04T16_04_45-Measurement 2/Images,r14c13f09p01-ch1sk1fk1fl1.tiff,/mnt/data_nvme1/data/ALSF_pilot_data/SN0313537/BR00143976__2024-07-04T16_04_45-Measurement 2/Images,r14c13f09p01-ch5sk1fk1fl1.tiff,/mnt/data_nvme1/data/ALSF_pilot_data/SN0313537/BR00143976__2024-07-04T16_04_45-Measurement 2/Images,BR00143976,N13,9,0.134350806,5,13,9,1,0.000645814,-0.000645814,-6e-06,14,False,24,Assay_Plate1_platemap,U2-OS,N,13,1000,standard
18,r14c14f01p01-ch2sk1fk1fl1.tiff,/mnt/data_nvme1/data/ALSF_pilot_data/SN0313537/BR00143976__2024-07-04T16_04_45-Measurement 2/Images,r14c14f01p01-ch6sk1fk1fl1.tiff,/mnt/data_nvme1/data/ALSF_pilot_data/SN0313537/BR00143976__2024-07-04T16_04_45-Measurement 2/Images,r14c14f01p01-ch3sk1fk1fl1.tiff,/mnt/data_nvme1/data/ALSF_pilot_data/SN0313537/BR00143976__2024-07-04T16_04_45-Measurement 2/Images,r14c14f01p01-ch4sk1fk1fl1.tiff,/mnt/data_nvme1/data/ALSF_pilot_data/SN0313537/BR00143976__2024-07-04T16_04_45-Measurement 2/Images,r14c14f01p01-ch1sk1fk1fl1.tiff,/mnt/data_nvme1/data/ALSF_pilot_data/SN0313537/BR00143976__2024-07-04T16_04_45-Measurement 2/Images,r14c14f01p01-ch5sk1fk1fl1.tiff,/mnt/data_nvme1/data/ALSF_pilot_data/SN0313537/BR00143976__2024-07-04T16_04_45-Measurement 2/Images,BR00143976,N14,1,0.134344995,5,14,1,1,0.0,0.0,-6e-06,14,False,24,Assay_Plate1_platemap,U2-OS,N,14,1000,standard
19,r14c14f02p01-ch2sk1fk1fl1.tiff,/mnt/data_nvme1/data/ALSF_pilot_data/SN0313537/BR00143976__2024-07-04T16_04_45-Measurement 2/Images,r14c14f02p01-ch6sk1fk1fl1.tiff,/mnt/data_nvme1/data/ALSF_pilot_data/SN0313537/BR00143976__2024-07-04T16_04_45-Measurement 2/Images,r14c14f02p01-ch3sk1fk1fl1.tiff,/mnt/data_nvme1/data/ALSF_pilot_data/SN0313537/BR00143976__2024-07-04T16_04_45-Measurement 2/Images,r14c14f02p01-ch4sk1fk1fl1.tiff,/mnt/data_nvme1/data/ALSF_pilot_data/SN0313537/BR00143976__2024-07-04T16_04_45-Measurement 2/Images,r14c14f02p01-ch1sk1fk1fl1.tiff,/mnt/data_nvme1/data/ALSF_pilot_data/SN0313537/BR00143976__2024-07-04T16_04_45-Measurement 2/Images,r14c14f02p01-ch5sk1fk1fl1.tiff,/mnt/data_nvme1/data/ALSF_pilot_data/SN0313537/BR00143976__2024-07-04T16_04_45-Measurement 2/Images,BR00143976,N14,2,0.1343427,5,14,2,1,-0.000645814,0.000645814,-6e-06,14,False,24,Assay_Plate1_platemap,U2-OS,N,14,1000,standard
20,r14c14f03p01-ch2sk1fk1fl1.tiff,/mnt/data_nvme1/data/ALSF_pilot_data/SN0313537/BR00143976__2024-07-04T16_04_45-Measurement 2/Images,r14c14f03p01-ch6sk1fk1fl1.tiff,/mnt/data_nvme1/data/ALSF_pilot_data/SN0313537/BR00143976__2024-07-04T16_04_45-Measurement 2/Images,r14c14f03p01-ch3sk1fk1fl1.tiff,/mnt/data_nvme1/data/ALSF_pilot_data/SN0313537/BR00143976__2024-07-04T16_04_45-Measurement 2/Images,r14c14f03p01-ch4sk1fk1fl1.tiff,/mnt/data_nvme1/data/ALSF_pilot_data/SN0313537/BR00143976__2024-07-04T16_04_45-Measurement 2/Images,r14c14f03p01-ch1sk1fk1fl1.tiff,/mnt/data_nvme1/data/ALSF_pilot_data/SN0313537/BR00143976__2024-07-04T16_04_45-Measurement 2/Images,r14c14f03p01-ch5sk1fk1fl1.tiff,/mnt/data_nvme1/data/ALSF_pilot_data/SN0313537/BR00143976__2024-07-04T16_04_45-Measurement 2/Images,BR00143976,N14,3,0.134342104,5,14,3,1,0.0,0.000645814,-6e-06,14,False,24,Assay_Plate1_platemap,U2-OS,N,14,1000,standard
21,r14c14f04p01-ch2sk1fk1fl1.tiff,/mnt/data_nvme1/data/ALSF_pilot_data/SN0313537/BR00143976__2024-07-04T16_04_45-Measurement 2/Images,r14c14f04p01-ch6sk1fk1fl1.tiff,/mnt/data_nvme1/data/ALSF_pilot_data/SN0313537/BR00143976__2024-07-04T16_04_45-Measurement 2/Images,r14c14f04p01-ch3sk1fk1fl1.tiff,/mnt/data_nvme1/data/ALSF_pilot_data/SN0313537/BR00143976__2024-07-04T16_04_45-Measurement 2/Images,r14c14f04p01-ch4sk1fk1fl1.tiff,/mnt/data_nvme1/data/ALSF_pilot_data/SN0313537/BR00143976__2024-07-04T16_04_45-Measurement 2/Images,r14c14f04p01-ch1sk1fk1fl1.tiff,/mnt/data_nvme1/data/ALSF_pilot_data/SN0313537/BR00143976__2024-07-04T16_04_45-Measurement 2/Images,r14c14f04p01-ch5sk1fk1fl1.tiff,/mnt/data_nvme1/data/ALSF_pilot_data/SN0313537/BR00143976__2024-07-04T16_04_45-Measurement 2/Images,BR00143976,N14,4,0.134341896,5,14,4,1,0.000645814,0.000645814,-6e-06,14,False,24,Assay_Plate1_platemap,U2-OS,N,14,1000,standard
22,r14c14f05p01-ch2sk1fk1fl1.tiff,/mnt/data_nvme1/data/ALSF_pilot_data/SN0313537/BR00143976__2024-07-04T16_04_45-Measurement 2/Images,r14c14f05p01-ch6sk1fk1fl1.tiff,/mnt/data_nvme1/data/ALSF_pilot_data/SN0313537/BR00143976__2024-07-04T16_04_45-Measurement 2/Images,r14c14f05p01-ch3sk1fk1fl1.tiff,/mnt/data_nvme1/data/ALSF_pilot_data/SN0313537/BR00143976__2024-07-04T16_04_45-Measurement 2/Images,r14c14f05p01-ch4sk1fk1fl1.tiff,/mnt/data_nvme1/data/ALSF_pilot_data/SN0313537/BR00143976__2024-07-04T16_04_45-Measurement 2/Images,r14c14f05p01-ch1sk1fk1fl1.tiff,/mnt/data_nvme1/data/ALSF_pilot_data/SN0313537/BR00143976__2024-07-04T16_04_45-Measurement 2/Images,r14c14f05p01-ch5sk1fk1fl1.tiff,/mnt/data_nvme1/data/ALSF_pilot_data/SN0313537/BR00143976__2024-07-04T16_04_45-Measurement 2/Images,BR00143976,N14,5,0.134343907,5,14,5,1,0.000645814,0.0,-6e-06,14,False,24,Assay_Plate1_platemap,U2-OS,N,14,1000,standard
23,r14c14f06p01-ch2sk1fk1fl1.tiff,/mnt/data_nvme1/data/ALSF_pilot_data/SN0313537/BR00143976__2024-07-04T16_04_45-Measurement 2/Images,r14c14f06p01-ch6sk1fk1fl1.tiff,/mnt/data_nvme1/data/ALSF_pilot_data/SN0313537/BR00143976__2024-07-04T16_04_45-Measurement 2/Images,r14c14f06p01-ch3sk1fk1fl1.tiff,/mnt/data_nvme1/data/ALSF_pilot_data/SN0313537/BR00143976__2024-07-04T16_04_45-Measurement 2/Images,r14c14f06p01-ch4sk1fk1fl1.tiff,/mnt/data_nvme1/data/ALSF_pilot_data/SN0313537/BR00143976__2024-07-04T16_04_45-Measurement 2/Images,r14c14f06p01-ch1sk1fk1fl1.tiff,/mnt/data_nvme1/data/ALSF_pilot_data/SN0313537/BR00143976__2024-07-04T16_04_45-Measurement 2/Images,r14c14f06p01-ch5sk1fk1fl1.tiff,/mnt/data_nvme1/data/ALSF_pilot_data/SN0313537/BR00143976__2024-07-04T16_04_45-Measurement 2/Images,BR00143976,N14,6,0.134345993,5,14,6,1,-0.000645814,0.0,-6e-06,14,False,24,Assay_Plate1_platemap,U2-OS,N,14,1000,standard
24,r14c14f07p01-ch2sk1fk1fl1.tiff,/mnt/data_nvme1/data/ALSF_pilot_data/SN0313537/BR00143976__2024-07-04T16_04_45-Measurement 2/Images,r14c14f07p01-ch6sk1fk1fl1.tiff,/mnt/data_nvme1/data/ALSF_pilot_data/SN0313537/BR00143976__2024-07-04T16_04_45-Measurement 2/Images,r14c14f07p01-ch3sk1fk1fl1.tiff,/mnt/data_nvme1/data/ALSF_pilot_data/SN0313537/BR00143976__2024-07-04T16_04_45-Measurement 2/Images,r14c14f07p01-ch4sk1fk1fl1.tiff,/mnt/data_nvme1/data/ALSF_pilot_data/SN0313537/BR00143976__2024-07-04T16_04_45-Measurement 2/Images,r14c14f07p01-ch1sk1fk1fl1.tiff,/mnt/data_nvme1/data/ALSF_pilot_data/SN0313537/BR00143976__2024-07-04T16_04_45-Measurement 2/Images,r14c14f07p01-ch5sk1fk1fl1.tiff,/mnt/data_nvme1/data/ALSF_pilot_data/SN0313537/BR00143976__2024-07-04T16_04_45-Measurement 2/Images,BR00143976,N14,7,0.134347007,5,14,7,1,-0.000645814,-0.000645814,-6e-06,14,False,24,Assay_Plate1_platemap,U2-OS,N,14,1000,standard
25,r14c14f08p01-ch2sk1fk1fl1.tiff,/mnt/data_nvme1/data/ALSF_pilot_data/SN0313537/BR00143976__2024-07-04T16_04_45-Measurement 2/Images,r14c14f08p01-ch6sk1fk1fl1.tiff,/mnt/data_nvme1/data/ALSF_pilot_data/SN0313537/BR00143976__2024-07-04T16_04_45-Measurement 2/Images,r14c14f08p01-ch3sk1fk1fl1.tiff,/mnt/data_nvme1/data/ALSF_pilot_data/SN0313537/BR00143976__2024-07-04T16_04_45-Measurement 2/Images,r14c14f08p01-ch4sk1fk1fl1.tiff,/mnt/data_nvme1/data/ALSF_pilot_data/SN0313537/BR00143976__2024-07-04T16_04_45-Measurement 2/Images,r14c14f08p01-ch1sk1fk1fl1.tiff,/mnt/data_nvme1/data/ALSF_pilot_data/SN0313537/BR00143976__2024-07-04T16_04_45-Measurement 2/Images,r14c14f08p01-ch5sk1fk1fl1.tiff,/mnt/data_nvme1/data/ALSF_pilot_data/SN0313537/BR00143976__2024-07-04T16_04_45-Measurement 2/Images,BR00143976,N14,8,0.134345993,5,14,8,1,0.0,-0.000645814,-6e-06,14,False,24,Assay_Plate1_platemap,U2-OS,N,14,1000,standard
26,r14c14f09p01-ch2sk1fk1fl1.tiff,/mnt/data_nvme1/data/ALSF_pilot_data/SN0313537/BR00143976__2024-07-04T16_04_45-Measurement 2/Images,r14c14f09p01-ch6sk1fk1fl1.tiff,/mnt/data_nvme1/data/ALSF_pilot_data/SN0313537/BR00143976__2024-07-04T16_04_45-Measurement 2/Images,r14c14f09p01-ch3sk1fk1fl1.tiff,/mnt/data_nvme1/data/ALSF_pilot_data/SN0313537/BR00143976__2024-07-04T16_04_45-Measurement 2/Images,r14c14f09p01-ch4sk1fk1fl1.tiff,/mnt/data_nvme1/data/ALSF_pilot_data/SN0313537/BR00143976__2024-07-04T16_04_45-Measurement 2/Images,r14c14f09p01-ch1sk1fk1fl1.tiff,/mnt/data_nvme1/data/ALSF_pilot_data/SN0313537/BR00143976__2024-07-04T16_04_45-Measurement 2/Images,r14c14f09p01-ch5sk1fk1fl1.tiff,/mnt/data_nvme1/data/ALSF_pilot_data/SN0313537/BR00143976__2024-07-04T16_04_45-Measurement 2/Images,BR00143976,N14,9,0.134345397,5,14,9,1,0.000645814,-0.000645814,-6e-06,14,False,24,Assay_Plate1_platemap,U2-OS,N,14,1000,standard
27,r13c15f01p01-ch2sk1fk1fl1.tiff,/mnt/data_nvme1/data/ALSF_pilot_data/SN0313537/BR00143976__2024-07-04T16_04_45-Measurement 2/Images,r13c15f01p01-ch6sk1fk1fl1.tiff,/mnt/data_nvme1/data/ALSF_pilot_data/SN0313537/BR00143976__2024-07-04T16_04_45-Measurement 2/Images,r13c15f01p01-ch3sk1fk1fl1.tiff,/mnt/data_nvme1/data/ALSF_pilot_data/SN0313537/BR00143976__2024-07-04T16_04_45-Measurement 2/Images,r13c15f01p01-ch4sk1fk1fl1.tiff,/mnt/data_nvme1/data/ALSF_pilot_data/SN0313537/BR00143976__2024-07-04T16_04_45-Measurement 2/Images,r13c15f01p01-ch1sk1fk1fl1.tiff,/mnt/data_nvme1/data/ALSF_pilot_data/SN0313537/BR00143976__2024-07-04T16_04_45-Measurement 2/Images,r13c15f01p01-ch5sk1fk1fl1.tiff,/mnt/data_nvme1/data/ALSF_pilot_data/SN0313537/BR00143976__2024-07-04T16_04_45-Measurement 2/Images,BR00143976,M15,1,0.134331495,5,15,1,1,0.0,0.0,-6e-06,13,False,24,Assay_Plate1_platemap,U2-OS,M,15,2000,standard
28,r13c15f02p01-ch2sk1fk1fl1.tiff,/mnt/data_nvme1/data/ALSF_pilot_data/SN0313537/BR00143976__2024-07-04T16_04_45-Measurement 2/Images,r13c15f02p01-ch6sk1fk1fl1.tiff,/mnt/data_nvme1/data/ALSF_pilot_data/SN0313537/BR00143976__2024-07-04T16_04_45-Measurement 2/Images,r13c15f02p01-ch3sk1fk1fl1.tiff,/mnt/data_nvme1/data/ALSF_pilot_data/SN0313537/BR00143976__2024-07-04T16_04_45-Measurement 2/Images,r13c15f02p01-ch4sk1fk1fl1.tiff,/mnt/data_nvme1/data/ALSF_pilot_data/SN0313537/BR00143976__2024-07-04T16_04_45-Measurement 2/Images,r13c15f02p01-ch1sk1fk1fl1.tiff,/mnt/data_nvme1/data/ALSF_pilot_data/SN0313537/BR00143976__2024-07-04T16_04_45-Measurement 2/Images,r13c15f02p01-ch5sk1fk1fl1.tiff,/mnt/data_nvme1/data/ALSF_pilot_data/SN0313537/BR00143976__2024-07-04T16_04_45-Measurement 2/Images,BR00143976,M15,2,0.134328306,5,15,2,1,-0.000645814,0.000645814,-6e-06,13,False,24,Assay_Plate1_platemap,U2-OS,M,15,2000,standard
29,r13c15f03p01-ch2sk1fk1fl1.tiff,/mnt/data_nvme1/data/ALSF_pilot_data/SN0313537/BR00143976__2024-07-04T16_04_45-Measurement 2/Images,r13c15f03p01-ch6sk1fk1fl1.tiff,/mnt/data_nvme1/data/ALSF_pilot_data/SN0313537/BR00143976__2024-07-04T16_04_45-Measurement 2/Images,r13c15f03p01-ch3sk1fk1fl1.tiff,/mnt/data_nvme1/data/ALSF_pilot_data/SN0313537/BR00143976__2024-07-04T16_04_45-Measurement 2/Images,r13c15f03p01-ch4sk1fk1fl1.tiff,/mnt/data_nvme1/data/ALSF_pilot_data/SN0313537/BR00143976__2024-07-04T16_04_45-Measurement 2/Images,r13c15f03p01-ch1sk1fk1fl1.tiff,/mnt/data_nvme1/data/ALSF_pilot_data/SN0313537/BR00143976__2024-07-04T16_04_45-Measurement 2/Images,r13c15f03p01-ch5sk1fk1fl1.tiff,/mnt/data_nvme1/data/ALSF_pilot_data/SN0313537/BR00143976__2024-07-04T16_04_45-Measurement 2/Images,BR00143976,M15,3,0.134329006,5,15,3,1,0.0,0.000645814,-6e-06,13,False,24,Assay_Plate1_platemap,U2-OS,M,15,2000,standard
30,r13c15f04p01-ch2sk1fk1fl1.tiff,/mnt/data_nvme1/data/ALSF_pilot_data/SN0313537/BR00143976__2024-07-04T16_04_45-Measurement 2/Images,r13c15f04p01-ch6sk1fk1fl1.tiff,/mnt/data_nvme1/data/ALSF_pilot_data/SN0313537/BR00143976__2024-07-04T16_04_45-Measurement 2/Images,r13c15f04p01-ch3sk1fk1fl1.tiff,/mnt/data_nvme1/data/ALSF_pilot_data/SN0313537/BR00143976__2024-07-04T16_04_45-Measurement 2/Images,r13c15f04p01-ch4sk1fk1fl1.tiff,/mnt/data_nvme1/data/ALSF_pilot_data/SN0313537/BR00143976__2024-07-04T16_04_45-Measurement 2/Images,r13c15f04p01-ch1sk1fk1fl1.tiff,/mnt/data_nvme1/data/ALSF_pilot_data/SN0313537/BR00143976__2024-07-04T16_04_45-Measurement 2/Images,r13c15f04p01-ch5sk1fk1fl1.tiff,/mnt/data_nvme1/data/ALSF_pilot_data/SN0313537/BR00143976__2024-07-04T16_04_45-Measurement 2/Images,BR00143976,M15,4,0.134329006,5,15,4,1,0.000645814,0.000645814,-6e-06,13,False,24,Assay_Plate1_platemap,U2-OS,M,15,2000,standard
31,r13c15f05p01-ch2sk1fk1fl1.tiff,/mnt/data_nvme1/data/ALSF_pilot_data/SN0313537/BR00143976__2024-07-04T16_04_45-Measurement 2/Images,r13c15f05p01-ch6sk1fk1fl1.tiff,/mnt/data_nvme1/data/ALSF_pilot_data/SN0313537/BR00143976__2024-07-04T16_04_45-Measurement 2/Images,r13c15f05p01-ch3sk1fk1fl1.tiff,/mnt/data_nvme1/data/ALSF_pilot_data/SN0313537/BR00143976__2024-07-04T16_04_45-Measurement 2/Images,r13c15f05p01-ch4sk1fk1fl1.tiff,/mnt/data_nvme1/data/ALSF_pilot_data/SN0313537/BR00143976__2024-07-04T16_04_45-Measurement 2/Images,r13c15f05p01-ch1sk1fk1fl1.tiff,/mnt/data_nvme1/data/ALSF_pilot_data/SN0313537/BR00143976__2024-07-04T16_04_45-Measurement 2/Images,r13c15f05p01-ch5sk1fk1fl1.tiff,/mnt/data_nvme1/data/ALSF_pilot_data/SN0313537/BR00143976__2024-07-04T16_04_45-Measurement 2/Images,BR00143976,M15,5,0.134330302,5,15,5,1,0.000645814,0.0,-6e-06,13,False,24,Assay_Plate1_platemap,U2-OS,M,15,2000,standard
32,r13c15f06p01-ch2sk1fk1fl1.tiff,/mnt/data_nvme1/data/ALSF_pilot_data/SN0313537/BR00143976__2024-07-04T16_04_45-Measurement 2/Images,r13c15f06p01-ch6sk1fk1fl1.tiff,/mnt/data_nvme1/data/ALSF_pilot_data/SN0313537/BR00143976__2024-07-04T16_04_45-Measurement 2/Images,r13c15f06p01-ch3sk1fk1fl1.tiff,/mnt/data_nvme1/data/ALSF_pilot_data/SN0313537/BR00143976__2024-07-04T16_04_45-Measurement 2/Images,r13c15f06p01-ch4sk1fk1fl1.tiff,/mnt/data_nvme1/data/ALSF_pilot_data/SN0313537/BR00143976__2024-07-04T16_04_45-Measurement 2/Images,r13c15f06p01-ch1sk1fk1fl1.tiff,/mnt/data_nvme1/data/ALSF_pilot_data/SN0313537/BR00143976__2024-07-04T16_04_45-Measurement 2/Images,r13c15f06p01-ch5sk1fk1fl1.tiff,/mnt/data_nvme1/data/ALSF_pilot_data/SN0313537/BR00143976__2024-07-04T16_04_45-Measurement 2/Images,BR00143976,M15,6,0.134330004,5,15,6,1,-0.000645814,0.0,-6e-06,13,False,24,Assay_Plate1_platemap,U2-OS,M,15,2000,standard
33,r13c15f07p01-ch2sk1fk1fl1.tiff,/mnt/data_nvme1/data/ALSF_pilot_data/SN0313537/BR00143976__2024-07-04T16_04_45-Measurement 2/Images,r13c15f07p01-ch6sk1fk1fl1.tiff,/mnt/data_nvme1/data/ALSF_pilot_data/SN0313537/BR00143976__2024-07-04T16_04_45-Measurement 2/Images,r13c15f07p01-ch3sk1fk1fl1.tiff,/mnt/data_nvme1/data/ALSF_pilot_data/SN0313537/BR00143976__2024-07-04T16_04_45-Measurement 2/Images,r13c15f07p01-ch4sk1fk1fl1.tiff,/mnt/data_nvme1/data/ALSF_pilot_data/SN0313537/BR00143976__2024-07-04T16_04_45-Measurement 2/Images,r13c15f07p01-ch1sk1fk1fl1.tiff,/mnt/data_nvme1/data/ALSF_pilot_data/SN0313537/BR00143976__2024-07-04T16_04_45-Measurement 2/Images,r13c15f07p01-ch5sk1fk1fl1.tiff,/mnt/data_nvme1/data/ALSF_pilot_data/SN0313537/BR00143976__2024-07-04T16_04_45-Measurement 2/Images,BR00143976,M15,7,0.134330496,5,15,7,1,-0.000645814,-0.000645814,-6e-06,13,False,24,Assay_Plate1_platemap,U2-OS,M,15,2000,standard
34,r13c15f08p01-ch2sk1fk1fl1.tiff,/mnt/data_nvme1/data/ALSF_pilot_data/SN0313537/BR00143976__2024-07-04T16_04_45-Measurement 2/Images,r13c15f08p01-ch6sk1fk1fl1.tiff,/mnt/data_nvme1/data/ALSF_pilot_data/SN0313537/BR00143976__2024-07-04T16_04_45-Measurement 2/Images,r13c15f08p01-ch3sk1fk1fl1.tiff,/mnt/data_nvme1/data/ALSF_pilot_data/SN0313537/BR00143976__2024-07-04T16_04_45-Measurement 2/Images,r13c15f08p01-ch4sk1fk1fl1.tiff,/mnt/data_nvme1/data/ALSF_pilot_data/SN0313537/BR00143976__2024-07-04T16_04_45-Measurement 2/Images,r13c15f08p01-ch1sk1fk1fl1.tiff,/mnt/data_nvme1/data/ALSF_pilot_data/SN0313537/BR00143976__2024-07-04T16_04_45-Measurement 2/Images,r13c15f08p01-ch5sk1fk1fl1.tiff,/mnt/data_nvme1/data/ALSF_pilot_data/SN0313537/BR00143976__2024-07-04T16_04_45-Measurement 2/Images,BR00143976,M15,8,0.134330496,5,15,8,1,0.0,-0.000645814,-6e-06,13,False,24,Assay_Plate1_platemap,U2-OS,M,15,2000,standard
35,r13c15f09p01-ch2sk1fk1fl1.tiff,/mnt/data_nvme1/data/ALSF_pilot_data/SN0313537/BR00143976__2024-07-04T16_04_45-Measurement 2/Images,r13c15f09p01-ch6sk1fk1fl1.tiff,/mnt/data_nvme1/data/ALSF_pilot_data/SN0313537/BR00143976__2024-07-04T16_04_45-Measurement 2/Images,r13c15f09p01-ch3sk1fk1fl1.tiff,/mnt/data_nvme1/data/ALSF_pilot_data/SN0313537/BR00143976__2024-07-04T16_04_45-Measurement 2/Images,r13c15f09p01-ch4sk1fk1fl1.tiff,/mnt/data_nvme1/data/ALSF_pilot_data/SN0313537/BR00143976__2024-07-04T16_04_45-Measurement 2/Images,r13c15f09p01-ch1sk1fk1fl1.tiff,/mnt/data_nvme1/data/ALSF_pilot_data/SN0313537/BR00143976__2024-07-04T16_04_45-Measurement 2/Images,r13c15f09p01-ch5sk1fk1fl1.tiff,/mnt/data_nvme1/data/ALSF_pilot_data/SN0313537/BR00143976__2024-07-04T16_04_45-Measurement 2/Images,BR00143976,M15,9,0.134330496,5,15,9,1,0.000645814,-0.000645814,-6e-06,13,False,24,Assay_Plate1_platemap,U2-OS,M,15,2000,standard
36,r14c15f01p01-ch2sk1fk1fl1.tiff,/mnt/data_nvme1/data/ALSF_pilot_data/SN0313537/BR00143976__2024-07-04T16_04_45-Measurement 2/Images,r14c15f01p01-ch6sk1fk1fl1.tiff,/mnt/data_nvme1/data/ALSF_pilot_data/SN0313537/BR00143976__2024-07-04T16_04_45-Measurement 2/Images,r14c15f01p01-ch3sk1fk1fl1.tiff,/mnt/data_nvme1/data/ALSF_pilot_data/SN0313537/BR00143976__2024-07-04T16_04_45-Measurement 2/Images,r14c15f01p01-ch4sk1fk1fl1.tiff,/mnt/data_nvme1/data/ALSF_pilot_data/SN0313537/BR00143976__2024-07-04T16_04_45-Measurement 2/Images,r14c15f01p01-ch1sk1fk1fl1.tiff,/mnt/data_nvme1/data/ALSF_pilot_data/SN0313537/BR00143976__2024-07-04T16_04_45-Measurement 2/Images,r14c15f01p01-ch5sk1fk1fl1.tiff,/mnt/data_nvme1/data/ALSF_pilot_data/SN0313537/BR00143976__2024-07-04T16_04_45-Measurement 2/Images,BR00143976,N15,1,0.134339496,5,15,1,1,0.0,0.0,-6e-06,14,False,24,Assay_Plate1_platemap,U2-OS,N,15,2000,standard
37,r14c15f02p01-ch2sk1fk1fl1.tiff,/mnt/data_nvme1/data/ALSF_pilot_data/SN0313537/BR00143976__2024-07-04T16_04_45-Measurement 2/Images,r14c15f02p01-ch6sk1fk1fl1.tiff,/mnt/data_nvme1/data/ALSF_pilot_data/SN0313537/BR00143976__2024-07-04T16_04_45-Measurement 2/Images,r14c15f02p01-ch3sk1fk1fl1.tiff,/mnt/data_nvme1/data/ALSF_pilot_data/SN0313537/BR00143976__2024-07-04T16_04_45-Measurement 2/Images,r14c15f02p01-ch4sk1fk1fl1.tiff,/mnt/data_nvme1/data/ALSF_pilot_data/SN0313537/BR00143976__2024-07-04T16_04_45-Measurement 2/Images,r14c15f02p01-ch1sk1fk1fl1.tiff,/mnt/data_nvme1/data/ALSF_pilot_data/SN0313537/BR00143976__2024-07-04T16_04_45-Measurement 2/Images,r14c15f02p01-ch5sk1fk1fl1.tiff,/mnt/data_nvme1/data/ALSF_pilot_data/SN0313537/BR00143976__2024-07-04T16_04_45-Measurement 2/Images,BR00143976,N15,2,0.134336606,5,15,2,1,-0.000645814,0.000645814,-6e-06,14,False,24,Assay_Plate1_platemap,U2-OS,N,15,2000,standard
38,r14c15f03p01-ch2sk1fk1fl1.tiff,/mnt/data_nvme1/data/ALSF_pilot_data/SN0313537/BR00143976__2024-07-04T16_04_45-Measurement 2/Images,r14c15f03p01-ch6sk1fk1fl1.tiff,/mnt/data_nvme1/data/ALSF_pilot_data/SN0313537/BR00143976__2024-07-04T16_04_45-Measurement 2/Images,r14c15f03p01-ch3sk1fk1fl1.tiff,/mnt/data_nvme1/data/ALSF_pilot_data/SN0313537/BR00143976__2024-07-04T16_04_45-Measurement 2/Images,r14c15f03p01-ch4sk1fk1fl1.tiff,/mnt/data_nvme1/data/ALSF_pilot_data/SN0313537/BR00143976__2024-07-04T16_04_45-Measurement 2/Images,r14c15f03p01-ch1sk1fk1fl1.tiff,/mnt/data_nvme1/data/ALSF_pilot_data/SN0313537/BR00143976__2024-07-04T16_04_45-Measurement 2/Images,r14c15f03p01-ch5sk1fk1fl1.tiff,/mnt/data_nvme1/data/ALSF_pilot_data/SN0313537/BR00143976__2024-07-04T16_04_45-Measurement 2/Images,BR00143976,N15,3,0.134337306,5,15,3,1,0.0,0.000645814,-6e-06,14,False,24,Assay_Plate1_platemap,U2-OS,N,15,2000,standard
39,r14c15f04p01-ch2sk1fk1fl1.tiff,/mnt/data_nvme1/data/ALSF_pilot_data/SN0313537/BR00143976__2024-07-04T16_04_45-Measurement 2/Images,r14c15f04p01-ch6sk1fk1fl1.tiff,/mnt/data_nvme1/data/ALSF_pilot_data/SN0313537/BR00143976__2024-07-04T16_04_45-Measurement 2/Images,r14c15f04p01-ch3sk1fk1fl1.tiff,/mnt/data_nvme1/data/ALSF_pilot_data/SN0313537/BR00143976__2024-07-04T16_04_45-Measurement 2/Images,r14c15f04p01-ch4sk1fk1fl1.tiff,/mnt/data_nvme1/data/ALSF_pilot_data/SN0313537/BR00143976__2024-07-04T16_04_45-Measurement 2/Images,r14c15f04p01-ch1sk1fk1fl1.tiff,/mnt/data_nvme1/data/ALSF_pilot_data/SN0313537/BR00143976__2024-07-04T16_04_45-Measurement 2/Images,r14c15f04p01-ch5sk1fk1fl1.tiff,/mnt/data_nvme1/data/ALSF_pilot_data/SN0313537/BR00143976__2024-07-04T16_04_45-Measurement 2/Images,BR00143976,N15,4,0.134336695,5,15,4,1,0.000645814,0.000645814,-6e-06,14,False,24,Assay_Plate1_platemap,U2-OS,N,15,2000,standard
40,r14c15f05p01-ch2sk1fk1fl1.tiff,/mnt/data_nvme1/data/ALSF_pilot_data/SN0313537/BR00143976__2024-07-04T16_04_45-Measurement 2/Images,r14c15f05p01-ch6sk1fk1fl1.tiff,/mnt/data_nvme1/data/ALSF_pilot_data/SN0313537/BR00143976__2024-07-04T16_04_45-Measurement 2/Images,r14c15f05p01-ch3sk1fk1fl1.tiff,/mnt/data_nvme1/data/ALSF_pilot_data/SN0313537/BR00143976__2024-07-04T16_04_45-Measurement 2/Images,r14c15f05p01-ch4sk1fk1fl1.tiff,/mnt/data_nvme1/data/ALSF_pilot_data/SN0313537/BR00143976__2024-07-04T16_04_45-Measurement 2/Images,r14c15f05p01-ch1sk1fk1fl1.tiff,/mnt/data_nvme1/data/ALSF_pilot_data/SN0313537/BR00143976__2024-07-04T16_04_45-Measurement 2/Images,r14c15f05p01-ch5sk1fk1fl1.tiff,/mnt/data_nvme1/data/ALSF_pilot_data/SN0313537/BR00143976__2024-07-04T16_04_45-Measurement 2/Images,BR00143976,N15,5,0.134338707,5,15,5,1,0.000645814,0.0,-6e-06,14,False,24,Assay_Plate1_platemap,U2-OS,N,15,2000,standard
41,r14c15f06p01-ch2sk1fk1fl1.tiff,/mnt/data_nvme1/data/ALSF_pilot_data/SN0313537/BR00143976__2024-07-04T16_04_45-Measurement 2/Images,r14c15f06p01-ch6sk1fk1fl1.tiff,/mnt/data_nvme1/data/ALSF_pilot_data/SN0313537/BR00143976__2024-07-04T16_04_45-Measurement 2/Images,r14c15f06p01-ch3sk1fk1fl1.tiff,/mnt/data_nvme1/data/ALSF_pilot_data/SN0313537/BR00143976__2024-07-04T16_04_45-Measurement 2/Images,r14c15f06p01-ch4sk1fk1fl1.tiff,/mnt/data_nvme1/data/ALSF_pilot_data/SN0313537/BR00143976__2024-07-04T16_04_45-Measurement 2/Images,r14c15f06p01-ch1sk1fk1fl1.tiff,/mnt/data_nvme1/data/ALSF_pilot_data/SN0313537/BR00143976__2024-07-04T16_04_45-Measurement 2/Images,r14c15f06p01-ch5sk1fk1fl1.tiff,/mnt/data_nvme1/data/ALSF_pilot_data/SN0313537/BR00143976__2024-07-04T16_04_45-Measurement 2/Images,BR00143976,N15,6,0.134338796,5,15,6,1,-0.000645814,0.0,-6e-06,14,False,24,Assay_Plate1_platemap,U2-OS,N,15,2000,standard
42,r14c15f07p01-ch2sk1fk1fl1.tiff,/mnt/data_nvme1/data/ALSF_pilot_data/SN0313537/BR00143976__2024-07-04T16_04_45-Measurement 2/Images,r14c15f07p01-ch6sk1fk1fl1.tiff,/mnt/data_nvme1/data/ALSF_pilot_data/SN0313537/BR00143976__2024-07-04T16_04_45-Measurement 2/Images,r14c15f07p01-ch3sk1fk1fl1.tiff,/mnt/data_nvme1/data/ALSF_pilot_data/SN0313537/BR00143976__2024-07-04T16_04_45-Measurement 2/Images,r14c15f07p01-ch4sk1fk1fl1.tiff,/mnt/data_nvme1/data/ALSF_pilot_data/SN0313537/BR00143976__2024-07-04T16_04_45-Measurement 2/Images,r14c15f07p01-ch1sk1fk1fl1.tiff,/mnt/data_nvme1/data/ALSF_pilot_data/SN0313537/BR00143976__2024-07-04T16_04_45-Measurement 2/Images,r14c15f07p01-ch5sk1fk1fl1.tiff,/mnt/data_nvme1/data/ALSF_pilot_data/SN0313537/BR00143976__2024-07-04T16_04_45-Measurement 2/Images,BR00143976,N15,7,0.134340197,5,15,7,1,-0.000645814,-0.000645814,-6e-06,14,False,24,Assay_Plate1_platemap,U2-OS,N,15,2000,standard
43,r14c15f08p01-ch2sk1fk1fl1.tiff,/mnt/data_nvme1/data/ALSF_pilot_data/SN0313537/BR00143976__2024-07-04T16_04_45-Measurement 2/Images,r14c15f08p01-ch6sk1fk1fl1.tiff,/mnt/data_nvme1/data/ALSF_pilot_data/SN0313537/BR00143976__2024-07-04T16_04_45-Measurement 2/Images,r14c15f08p01-ch3sk1fk1fl1.tiff,/mnt/data_nvme1/data/ALSF_pilot_data/SN0313537/BR00143976__2024-07-04T16_04_45-Measurement 2/Images,r14c15f08p01-ch4sk1fk1fl1.tiff,/mnt/data_nvme1/data/ALSF_pilot_data/SN0313537/BR00143976__2024-07-04T16_04_45-Measurement 2/Images,r14c15f08p01-ch1sk1fk1fl1.tiff,/mnt/data_nvme1/data/ALSF_pilot_data/SN0313537/BR00143976__2024-07-04T16_04_45-Measurement 2/Images,r14c15f08p01-ch5sk1fk1fl1.tiff,/mnt/data_nvme1/data/ALSF_pilot_data/SN0313537/BR00143976__2024-07-04T16_04_45-Measurement 2/Images,BR00143976,N15,8,0.134340003,5,15,8,1,0.0,-0.000645814,-6e-06,14,False,24,Assay_Plate1_platemap,U2-OS,N,15,2000,standard
44,r14c15f09p01-ch2sk1fk1fl1.tiff,/mnt/data_nvme1/data/ALSF_pilot_data/SN0313537/BR00143976__2024-07-04T16_04_45-Measurement 2/Images,r14c15f09p01-ch6sk1fk1fl1.tiff,/mnt/data_nvme1/data/ALSF_pilot_data/SN0313537/BR00143976__2024-07-04T16_04_45-Measurement 2/Images,r14c15f09p01-ch3sk1fk1fl1.tiff,/mnt/data_nvme1/data/ALSF_pilot_data/SN0313537/BR00143976__2024-07-04T16_04_45-Measurement 2/Images,r14c15f09p01-ch4sk1fk1fl1.tiff,/mnt/data_nvme1/data/ALSF_pilot_data/SN0313537/BR00143976__2024-07-04T16_04_45-Measurement 2/Images,r14c15f09p01-ch1sk1fk1fl1.tiff,/mnt/data_nvme1/data/ALSF_pilot_data/SN0313537/BR00143976__2024-07-04T16_04_45-Measurement 2/Images,r14c15f09p01-ch5sk1fk1fl1.tiff,/mnt/data_nvme1/data/ALSF_pilot_data/SN0313537/BR00143976__2024-07-04T16_04_45-Measurement 2/Images,BR00143976,N15,9,0.134339094,5,15,9,1,0.000645814,-0.000645814,-6e-06,14,False,24,Assay_Plate1_platemap,U2-OS,N,15,2000,standard
45,r13c16f01p01-ch2sk1fk1fl1.tiff,/mnt/data_nvme1/data/ALSF_pilot_data/SN0313537/BR00143976__2024-07-04T16_04_45-Measurement 2/Images,r13c16f01p01-ch6sk1fk1fl1.tiff,/mnt/data_nvme1/data/ALSF_pilot_data/SN0313537/BR00143976__2024-07-04T16_04_45-Measurement 2/Images,r13c16f01p01-ch3sk1fk1fl1.tiff,/mnt/data_nvme1/data/ALSF_pilot_data/SN0313537/BR00143976__2024-07-04T16_04_45-Measurement 2/Images,r13c16f01p01-ch4sk1fk1fl1.tiff,/mnt/data_nvme1/data/ALSF_pilot_data/SN0313537/BR00143976__2024-07-04T16_04_45-Measurement 2/Images,r13c16f01p01-ch1sk1fk1fl1.tiff,/mnt/data_nvme1/data/ALSF_pilot_data/SN0313537/BR00143976__2024-07-04T16_04_45-Measurement 2/Images,r13c16f01p01-ch5sk1fk1fl1.tiff,/mnt/data_nvme1/data/ALSF_pilot_data/SN0313537/BR00143976__2024-07-04T16_04_45-Measurement 2/Images,BR00143976,M16,1,0.134327695,5,16,1,1,0.0,0.0,-6e-06,13,False,24,Assay_Plate1_platemap,U2-OS,M,16,2000,standard
46,r13c16f02p01-ch2sk1fk1fl1.tiff,/mnt/data_nvme1/data/ALSF_pilot_data/SN0313537/BR00143976__2024-07-04T16_04_45-Measurement 2/Images,r13c16f02p01-ch6sk1fk1fl1.tiff,/mnt/data_nvme1/data/ALSF_pilot_data/SN0313537/BR00143976__2024-07-04T16_04_45-Measurement 2/Images,r13c16f02p01-ch3sk1fk1fl1.tiff,/mnt/data_nvme1/data/ALSF_pilot_data/SN0313537/BR00143976__2024-07-04T16_04_45-Measurement 2/Images,r13c16f02p01-ch4sk1fk1fl1.tiff,/mnt/data_nvme1/data/ALSF_pilot_data/SN0313537/BR00143976__2024-07-04T16_04_45-Measurement 2/Images,r13c16f02p01-ch1sk1fk1fl1.tiff,/mnt/data_nvme1/data/ALSF_pilot_data/SN0313537/BR00143976__2024-07-04T16_04_45-Measurement 2/Images,r13c16f02p01-ch5sk1fk1fl1.tiff,/mnt/data_nvme1/data/ALSF_pilot_data/SN0313537/BR00143976__2024-07-04T16_04_45-Measurement 2/Images,BR00143976,M16,2,0.134326607,5,16,2,1,-0.000645814,0.000645814,-6e-06,13,False,24,Assay_Plate1_platemap,U2-OS,M,16,2000,standard
47,r13c16f03p01-ch2sk1fk1fl1.tiff,/mnt/data_nvme1/data/ALSF_pilot_data/SN0313537/BR00143976__2024-07-04T16_04_45-Measurement 2/Images,r13c16f03p01-ch6sk1fk1fl1.tiff,/mnt/data_nvme1/data/ALSF_pilot_data/SN0313537/BR00143976__2024-07-04T16_04_45-Measurement 2/Images,r13c16f03p01-ch3sk1fk1fl1.tiff,/mnt/data_nvme1/data/ALSF_pilot_data/SN0313537/BR00143976__2024-07-04T16_04_45-Measurement 2/Images,r13c16f03p01-ch4sk1fk1fl1.tiff,/mnt/data_nvme1/data/ALSF_pilot_data/SN0313537/BR00143976__2024-07-04T16_04_45-Measurement 2/Images,r13c16f03p01-ch1sk1fk1fl1.tiff,/mnt/data_nvme1/data/ALSF_pilot_data/SN0313537/BR00143976__2024-07-04T16_04_45-Measurement 2/Images,r13c16f03p01-ch5sk1fk1fl1.tiff,/mnt/data_nvme1/data/ALSF_pilot_data/SN0313537/BR00143976__2024-07-04T16_04_45-Measurement 2/Images,BR00143976,M16,3,0.134326398,5,16,3,1,0.0,0.000645814,-6e-06,13,False,24,Assay_Plate1_platemap,U2-OS,M,16,2000,standard
48,r13c16f04p01-ch2sk1fk1fl1.tiff,/mnt/data_nvme1/data/ALSF_pilot_data/SN0313537/BR00143976__2024-07-04T16_04_45-Measurement 2/Images,r13c16f04p01-ch6sk1fk1fl1.tiff,/mnt/data_nvme1/data/ALSF_pilot_data/SN0313537/BR00143976__2024-07-04T16_04_45-Measurement 2/Images,r13c16f04p01-ch3sk1fk1fl1.tiff,/mnt/data_nvme1/data/ALSF_pilot_data/SN0313537/BR00143976__2024-07-04T16_04_45-Measurement 2/Images,r13c16f04p01-ch4sk1fk1fl1.tiff,/mnt/data_nvme1/data/ALSF_pilot_data/SN0313537/BR00143976__2024-07-04T16_04_45-Measurement 2/Images,r13c16f04p01-ch1sk1fk1fl1.tiff,/mnt/data_nvme1/data/ALSF_pilot_data/SN0313537/BR00143976__2024-07-04T16_04_45-Measurement 2/Images,r13c16f04p01-ch5sk1fk1fl1.tiff,/mnt/data_nvme1/data/ALSF_pilot_data/SN0313537/BR00143976__2024-07-04T16_04_45-Measurement 2/Images,BR00143976,M16,4,0.134325206,5,16,4,1,0.000645814,0.000645814,-6e-06,13,False,24,Assay_Plate1_platemap,U2-OS,M,16,2000,standard
49,r13c16f05p01-ch2sk1fk1fl1.tiff,/mnt/data_nvme1/data/ALSF_pilot_data/SN0313537/BR00143976__2024-07-04T16_04_45-Measurement 2/Images,r13c16f05p01-ch6sk1fk1fl1.tiff,/mnt/data_nvme1/data/ALSF_pilot_data/SN0313537/BR00143976__2024-07-04T16_04_45-Measurement 2/Images,r13c16f05p01-ch3sk1fk1fl1.tiff,/mnt/data_nvme1/data/ALSF_pilot_data/SN0313537/BR00143976__2024-07-04T16_04_45-Measurement 2/Images,r13c16f05p01-ch4sk1fk1fl1.tiff,/mnt/data_nvme1/data/ALSF_pilot_data/SN0313537/BR00143976__2024-07-04T16_04_45-Measurement 2/Images,r13c16f05p01-ch1sk1fk1fl1.tiff,/mnt/data_nvme1/data/ALSF_pilot_data/SN0313537/BR00143976__2024-07-04T16_04_45-Measurement 2/Images,r13c16f05p01-ch5sk1fk1fl1.tiff,/mnt/data_nvme1/data/ALSF_pilot_data/SN0313537/BR00143976__2024-07-04T16_04_45-Measurement 2/Images,BR00143976,M16,5,0.134326994,5,16,5,1,0.000645814,0.0,-6e-06,13,False,24,Assay_Plate1_platemap,U2-OS,M,16,2000,standard
50,r13c16f06p01-ch2sk1fk1fl1.tiff,/mnt/data_nvme1/data/ALSF_pilot_data/SN0313537/BR00143976__2024-07-04T16_04_45-Measurement 2/Images,r13c16f06p01-ch6sk1fk1fl1.tiff,/mnt/data_nvme1/data/ALSF_pilot_data/SN0313537/BR00143976__2024-07-04T16_04_45-Measurement 2/Images,r13c16f06p01-ch3sk1fk1fl1.tiff,/mnt/data_nvme1/data/ALSF_pilot_data/SN0313537/BR00143976__2024-07-04T16_04_45-Measurement 2/Images,r13c16f06p01-ch4sk1fk1fl1.tiff,/mnt/data_nvme1/data/ALSF_pilot_data/SN0313537/BR00143976__2024-07-04T16_04_45-Measurement 2/Images,r13c16f06p01-ch1sk1fk1fl1.tiff,/mnt/data_nvme1/data/ALSF_pilot_data/SN0313537/BR00143976__2024-07-04T16_04_45-Measurement 2/Images,r13c16f06p01-ch5sk1fk1fl1.tiff,/mnt/data_nvme1/data/ALSF_pilot_data/SN0313537/BR00143976__2024-07-04T16_04_45-Measurement 2/Images,BR00143976,M16,6,0.134327903,5,16,6,1,-0.000645814,0.0,-6e-06,13,False,24,Assay_Plate1_platemap,U2-OS,M,16,2000,standard
51,r13c16f07p01-ch2sk1fk1fl1.tiff,/mnt/data_nvme1/data/ALSF_pilot_data/SN0313537/BR00143976__2024-07-04T16_04_45-Measurement 2/Images,r13c16f07p01-ch6sk1fk1fl1.tiff,/mnt/data_nvme1/data/ALSF_pilot_data/SN0313537/BR00143976__2024-07-04T16_04_45-Measurement 2/Images,r13c16f07p01-ch3sk1fk1fl1.tiff,/mnt/data_nvme1/data/ALSF_pilot_data/SN0313537/BR00143976__2024-07-04T16_04_45-Measurement 2/Images,r13c16f07p01-ch4sk1fk1fl1.tiff,/mnt/data_nvme1/data/ALSF_pilot_data/SN0313537/BR00143976__2024-07-04T16_04_45-Measurement 2/Images,r13c16f07p01-ch1sk1fk1fl1.tiff,/mnt/data_nvme1/data/ALSF_pilot_data/SN0313537/BR00143976__2024-07-04T16_04_45-Measurement 2/Images,r13c16f07p01-ch5sk1fk1fl1.tiff,/mnt/data_nvme1/data/ALSF_pilot_data/SN0313537/BR00143976__2024-07-04T16_04_45-Measurement 2/Images,BR00143976,M16,7,0.134328201,5,16,7,1,-0.000645814,-0.000645814,-6e-06,13,False,24,Assay_Plate1_platemap,U2-OS,M,16,2000,standard
52,r13c16f08p01-ch2sk1fk1fl1.tiff,/mnt/data_nvme1/data/ALSF_pilot_data/SN0313537/BR00143976__2024-07-04T16_04_45-Measurement 2/Images,r13c16f08p01-ch6sk1fk1fl1.tiff,/mnt/data_nvme1/data/ALSF_pilot_data/SN0313537/BR00143976__2024-07-04T16_04_45-Measurement 2/Images,r13c16f08p01-ch3sk1fk1fl1.tiff,/mnt/data_nvme1/data/ALSF_pilot_data/SN0313537/BR00143976__2024-07-04T16_04_45-Measurement 2/Images,r13c16f08p01-ch4sk1fk1fl1.tiff,/mnt/data_nvme1/data/ALSF_pilot_data/SN0313537/BR00143976__2024-07-04T16_04_45-Measurement 2/Images,r13c16f08p01-ch1sk1fk1fl1.tiff,/mnt/data_nvme1/data/ALSF_pilot_data/SN0313537/BR00143976__2024-07-04T16_04_45-Measurement 2/Images,r13c16f08p01-ch5sk1fk1fl1.tiff,/mnt/data_nvme1/data/ALSF_pilot_data/SN0313537/BR00143976__2024-07-04T16_04_45-Measurement 2/Images,BR00143976,M16,8,0.134327695,5,16,8,1,0.0,-0.000645814,-6e-06,13,False,24,Assay_Plate1_platemap,U2-OS,M,16,2000,standard
53,r13c16f09p01-ch2sk1fk1fl1.tiff,/mnt/data_nvme1/data/ALSF_pilot_data/SN0313537/BR00143976__2024-07-04T16_04_45-Measurement 2/Images,r13c16f09p01-ch6sk1fk1fl1.tiff,/mnt/data_nvme1/data/ALSF_pilot_data/SN0313537/BR00143976__2024-07-04T16_04_45-Measurement 2/Images,r13c16f09p01-ch3sk1fk1fl1.tiff,/mnt/data_nvme1/data/ALSF_pilot_data/SN0313537/BR00143976__2024-07-04T16_04_45-Measurement 2/Images,r13c16f09p01-ch4sk1fk1fl1.tiff,/mnt/data_nvme1/data/ALSF_pilot_data/SN0313537/BR00143976__2024-07-04T16_04_45-Measurement 2/Images,r13c16f09p01-ch1sk1fk1fl1.tiff,/mnt/data_nvme1/data/ALSF_pilot_data/SN0313537/BR00143976__2024-07-04T16_04_45-Measurement 2/Images,r13c16f09p01-ch5sk1fk1fl1.tiff,/mnt/data_nvme1/data/ALSF_pilot_data/SN0313537/BR00143976__2024-07-04T16_04_45-Measurement 2/Images,BR00143976,M16,9,0.134327203,5,16,9,1,0.000645814,-0.000645814,-6e-06,13,False,24,Assay_Plate1_platemap,U2-OS,M,16,2000,standard
54,r14c17f01p01-ch2sk1fk1fl1.tiff,/mnt/data_nvme1/data/ALSF_pilot_data/SN0313537/BR00143976__2024-07-04T16_04_45-Measurement 2/Images,r14c17f01p01-ch6sk1fk1fl1.tiff,/mnt/data_nvme1/data/ALSF_pilot_data/SN0313537/BR00143976__2024-07-04T16_04_45-Measurement 2/Images,r14c17f01p01-ch3sk1fk1fl1.tiff,/mnt/data_nvme1/data/ALSF_pilot_data/SN0313537/BR00143976__2024-07-04T16_04_45-Measurement 2/Images,r14c17f01p01-ch4sk1fk1fl1.tiff,/mnt/data_nvme1/data/ALSF_pilot_data/SN0313537/BR00143976__2024-07-04T16_04_45-Measurement 2/Images,r14c17f01p01-ch1sk1fk1fl1.tiff,/mnt/data_nvme1/data/ALSF_pilot_data/SN0313537/BR00143976__2024-07-04T16_04_45-Measurement 2/Images,r14c17f01p01-ch5sk1fk1fl1.tiff,/mnt/data_nvme1/data/ALSF_pilot_data/SN0313537/BR00143976__2024-07-04T16_04_45-Measurement 2/Images,BR00143976,N17,1,0.134333506,5,17,1,1,0.0,0.0,-6e-06,14,False,24,Assay_Plate1_platemap,U2-OS,N,17,4000,standard
55,r14c17f02p01-ch2sk1fk1fl1.tiff,/mnt/data_nvme1/data/ALSF_pilot_data/SN0313537/BR00143976__2024-07-04T16_04_45-Measurement 2/Images,r14c17f02p01-ch6sk1fk1fl1.tiff,/mnt/data_nvme1/data/ALSF_pilot_data/SN0313537/BR00143976__2024-07-04T16_04_45-Measurement 2/Images,r14c17f02p01-ch3sk1fk1fl1.tiff,/mnt/data_nvme1/data/ALSF_pilot_data/SN0313537/BR00143976__2024-07-04T16_04_45-Measurement 2/Images,r14c17f02p01-ch4sk1fk1fl1.tiff,/mnt/data_nvme1/data/ALSF_pilot_data/SN0313537/BR00143976__2024-07-04T16_04_45-Measurement 2/Images,r14c17f02p01-ch1sk1fk1fl1.tiff,/mnt/data_nvme1/data/ALSF_pilot_data/SN0313537/BR00143976__2024-07-04T16_04_45-Measurement 2/Images,r14c17f02p01-ch5sk1fk1fl1.tiff,/mnt/data_nvme1/data/ALSF_pilot_data/SN0313537/BR00143976__2024-07-04T16_04_45-Measurement 2/Images,BR00143976,N17,2,0.134330407,5,17,2,1,-0.000645814,0.000645814,-6e-06,14,False,24,Assay_Plate1_platemap,U2-OS,N,17,4000,standard
56,r14c17f03p01-ch2sk1fk1fl1.tiff,/mnt/data_nvme1/data/ALSF_pilot_data/SN0313537/BR00143976__2024-07-04T16_04_45-Measurement 2/Images,r14c17f03p01-ch6sk1fk1fl1.tiff,/mnt/data_nvme1/data/ALSF_pilot_data/SN0313537/BR00143976__2024-07-04T16_04_45-Measurement 2/Images,r14c17f03p01-ch3sk1fk1fl1.tiff,/mnt/data_nvme1/data/ALSF_pilot_data/SN0313537/BR00143976__2024-07-04T16_04_45-Measurement 2/Images,r14c17f03p01-ch4sk1fk1fl1.tiff,/mnt/data_nvme1/data/ALSF_pilot_data/SN0313537/BR00143976__2024-07-04T16_04_45-Measurement 2/Images,r14c17f03p01-ch1sk1fk1fl1.tiff,/mnt/data_nvme1/data/ALSF_pilot_data/SN0313537/BR00143976__2024-07-04T16_04_45-Measurement 2/Images,r14c17f03p01-ch5sk1fk1fl1.tiff,/mnt/data_nvme1/data/ALSF_pilot_data/SN0313537/BR00143976__2024-07-04T16_04_45-Measurement 2/Images,BR00143976,N17,3,0.134329394,5,17,3,1,0.0,0.000645814,-6e-06,14,False,24,Assay_Plate1_platemap,U2-OS,N,17,4000,standard
57,r14c17f04p01-ch2sk1fk1fl1.tiff,/mnt/data_nvme1/data/ALSF_pilot_data/SN0313537/BR00143976__2024-07-04T16_04_45-Measurement 2/Images,r14c17f04p01-ch6sk1fk1fl1.tiff,/mnt/data_nvme1/data/ALSF_pilot_data/SN0313537/BR00143976__2024-07-04T16_04_45-Measurement 2/Images,r14c17f04p01-ch3sk1fk1fl1.tiff,/mnt/data_nvme1/data/ALSF_pilot_data/SN0313537/BR00143976__2024-07-04T16_04_45-Measurement 2/Images,r14c17f04p01-ch4sk1fk1fl1.tiff,/mnt/data_nvme1/data/ALSF_pilot_data/SN0313537/BR00143976__2024-07-04T16_04_45-Measurement 2/Images,r14c17f04p01-ch1sk1fk1fl1.tiff,/mnt/data_nvme1/data/ALSF_pilot_data/SN0313537/BR00143976__2024-07-04T16_04_45-Measurement 2/Images,r14c17f04p01-ch5sk1fk1fl1.tiff,/mnt/data_nvme1/data/ALSF_pilot_data/SN0313537/BR00143976__2024-07-04T16_04_45-Measurement 2/Images,BR00143976,N17,4,0.134329394,5,17,4,1,0.000645814,0.000645814,-6e-06,14,False,24,Assay_Plate1_platemap,U2-OS,N,17,4000,standard
58,r14c17f05p01-ch2sk1fk1fl1.tiff,/mnt/data_nvme1/data/ALSF_pilot_data/SN0313537/BR00143976__2024-07-04T16_04_45-Measurement 2/Images,r14c17f05p01-ch6sk1fk1fl1.tiff,/mnt/data_nvme1/data/ALSF_pilot_data/SN0313537/BR00143976__2024-07-04T16_04_45-Measurement 2/Images,r14c17f05p01-ch3sk1fk1fl1.tiff,/mnt/data_nvme1/data/ALSF_pilot_data/SN0313537/BR00143976__2024-07-04T16_04_45-Measurement 2/Images,r14c17f05p01-ch4sk1fk1fl1.tiff,/mnt/data_nvme1/data/ALSF_pilot_data/SN0313537/BR00143976__2024-07-04T16_04_45-Measurement 2/Images,r14c17f05p01-ch1sk1fk1fl1.tiff,/mnt/data_nvme1/data/ALSF_pilot_data/SN0313537/BR00143976__2024-07-04T16_04_45-Measurement 2/Images,r14c17f05p01-ch5sk1fk1fl1.tiff,/mnt/data_nvme1/data/ALSF_pilot_data/SN0313537/BR00143976__2024-07-04T16_04_45-Measurement 2/Images,BR00143976,N17,5,0.134331107,5,17,5,1,0.000645814,0.0,-6e-06,14,False,24,Assay_Plate1_platemap,U2-OS,N,17,4000,standard
59,r14c17f06p01-ch2sk1fk1fl1.tiff,/mnt/data_nvme1/data/ALSF_pilot_data/SN0313537/BR00143976__2024-07-04T16_04_45-Measurement 2/Images,r14c17f06p01-ch6sk1fk1fl1.tiff,/mnt/data_nvme1/data/ALSF_pilot_data/SN0313537/BR00143976__2024-07-04T16_04_45-Measurement 2/Images,r14c17f06p01-ch3sk1fk1fl1.tiff,/mnt/data_nvme1/data/ALSF_pilot_data/SN0313537/BR00143976__2024-07-04T16_04_45-Measurement 2/Images,r14c17f06p01-ch4sk1fk1fl1.tiff,/mnt/data_nvme1/data/ALSF_pilot_data/SN0313537/BR00143976__2024-07-04T16_04_45-Measurement 2/Images,r14c17f06p01-ch1sk1fk1fl1.tiff,/mnt/data_nvme1/data/ALSF_pilot_data/SN0313537/BR00143976__2024-07-04T16_04_45-Measurement 2/Images,r14c17f06p01-ch5sk1fk1fl1.tiff,/mnt/data_nvme1/data/ALSF_pilot_data/SN0313537/BR00143976__2024-07-04T16_04_45-Measurement 2/Images,BR00143976,N17,6,0.134331897,5,17,6,1,-0.000645814,0.0,-6e-06,14,False,24,Assay_Plate1_platemap,U2-OS,N,17,4000,standard
60,r14c17f07p01-ch2sk1fk1fl1.tiff,/mnt/data_nvme1/data/ALSF_pilot_data/SN0313537/BR00143976__2024-07-04T16_04_45-Measurement 2/Images,r14c17f07p01-ch6sk1fk1fl1.tiff,/mnt/data_nvme1/data/ALSF_pilot_data/SN0313537/BR00143976__2024-07-04T16_04_45-Measurement 2/Images,r14c17f07p01-ch3sk1fk1fl1.tiff,/mnt/data_nvme1/data/ALSF_pilot_data/SN0313537/BR00143976__2024-07-04T16_04_45-Measurement 2/Images,r14c17f07p01-ch4sk1fk1fl1.tiff,/mnt/data_nvme1/data/ALSF_pilot_data/SN0313537/BR00143976__2024-07-04T16_04_45-Measurement 2/Images,r14c17f07p01-ch1sk1fk1fl1.tiff,/mnt/data_nvme1/data/ALSF_pilot_data/SN0313537/BR00143976__2024-07-04T16_04_45-Measurement 2/Images,r14c17f07p01-ch5sk1fk1fl1.tiff,/mnt/data_nvme1/data/ALSF_pilot_data/SN0313537/BR00143976__2024-07-04T16_04_45-Measurement 2/Images,BR00143976,N17,7,0.1343337,5,17,7,1,-0.000645814,-0.000645814,-6e-06,14,False,24,Assay_Plate1_platemap,U2-OS,N,17,4000,standard
61,r14c17f08p01-ch2sk1fk1fl1.tiff,/mnt/data_nvme1/data/ALSF_pilot_data/SN0313537/BR00143976__2024-07-04T16_04_45-Measurement 2/Images,r14c17f08p01-ch6sk1fk1fl1.tiff,/mnt/data_nvme1/data/ALSF_pilot_data/SN0313537/BR00143976__2024-07-04T16_04_45-Measurement 2/Images,r14c17f08p01-ch3sk1fk1fl1.tiff,/mnt/data_nvme1/data/ALSF_pilot_data/SN0313537/BR00143976__2024-07-04T16_04_45-Measurement 2/Images,r14c17f08p01-ch4sk1fk1fl1.tiff,/mnt/data_nvme1/data/ALSF_pilot_data/SN0313537/BR00143976__2024-07-04T16_04_45-Measurement 2/Images,r14c17f08p01-ch1sk1fk1fl1.tiff,/mnt/data_nvme1/data/ALSF_pilot_data/SN0313537/BR00143976__2024-07-04T16_04_45-Measurement 2/Images,r14c17f08p01-ch5sk1fk1fl1.tiff,/mnt/data_nvme1/data/ALSF_pilot_data/SN0313537/BR00143976__2024-07-04T16_04_45-Measurement 2/Images,BR00143976,N17,8,0.134333894,5,17,8,1,0.0,-0.000645814,-6e-06,14,False,24,Assay_Plate1_platemap,U2-OS,N,17,4000,standard
62,r14c17f09p01-ch2sk1fk1fl1.tiff,/mnt/data_nvme1/data/ALSF_pilot_data/SN0313537/BR00143976__2024-07-04T16_04_45-Measurement 2/Images,r14c17f09p01-ch6sk1fk1fl1.tiff,/mnt/data_nvme1/data/ALSF_pilot_data/SN0313537/BR00143976__2024-07-04T16_04_45-Measurement 2/Images,r14c17f09p01-ch3sk1fk1fl1.tiff,/mnt/data_nvme1/data/ALSF_pilot_data/SN0313537/BR00143976__2024-07-04T16_04_45-Measurement 2/Images,r14c17f09p01-ch4sk1fk1fl1.tiff,/mnt/data_nvme1/data/ALSF_pilot_data/SN0313537/BR00143976__2024-07-04T16_04_45-Measurement 2/Images,r14c17f09p01-ch1sk1fk1fl1.tiff,/mnt/data_nvme1/data/ALSF_pilot_data/SN0313537/BR00143976__2024-07-04T16_04_45-Measurement 2/Images,r14c17f09p01-ch5sk1fk1fl1.tiff,/mnt/data_nvme1/data/ALSF_pilot_data/SN0313537/BR00143976__2024-07-04T16_04_45-Measurement 2/Images,BR00143976,N17,9,0.134333506,5,17,9,1,0.000645814,-0.000645814,-6e-06,14,False,24,Assay_Plate1_platemap,U2-OS,N,17,4000,standard
63,r13c18f01p01-ch2sk1fk1fl1.tiff,/mnt/data_nvme1/data/ALSF_pilot_data/SN0313537/BR00143976__2024-07-04T16_04_45-Measurement 2/Images,r13c18f01p01-ch6sk1fk1fl1.tiff,/mnt/data_nvme1/data/ALSF_pilot_data/SN0313537/BR00143976__2024-07-04T16_04_45-Measurement 2/Images,r13c18f01p01-ch3sk1fk1fl1.tiff,/mnt/data_nvme1/data/ALSF_pilot_data/SN0313537/BR00143976__2024-07-04T16_04_45-Measurement 2/Images,r13c18f01p01-ch4sk1fk1fl1.tiff,/mnt/data_nvme1/data/ALSF_pilot_data/SN0313537/BR00143976__2024-07-04T16_04_45-Measurement 2/Images,r13c18f01p01-ch1sk1fk1fl1.tiff,/mnt/data_nvme1/data/ALSF_pilot_data/SN0313537/BR00143976__2024-07-04T16_04_45-Measurement 2/Images,r13c18f01p01-ch5sk1fk1fl1.tiff,/mnt/data_nvme1/data/ALSF_pilot_data/SN0313537/BR00143976__2024-07-04T16_04_45-Measurement 2/Images,BR00143976,M18,1,0.134327605,5,18,1,1,0.0,0.0,-6e-06,13,False,24,Assay_Plate1_platemap,U2-OS,M,18,4000,standard
64,r13c18f02p01-ch2sk1fk1fl1.tiff,/mnt/data_nvme1/data/ALSF_pilot_data/SN0313537/BR00143976__2024-07-04T16_04_45-Measurement 2/Images,r13c18f02p01-ch6sk1fk1fl1.tiff,/mnt/data_nvme1/data/ALSF_pilot_data/SN0313537/BR00143976__2024-07-04T16_04_45-Measurement 2/Images,r13c18f02p01-ch3sk1fk1fl1.tiff,/mnt/data_nvme1/data/ALSF_pilot_data/SN0313537/BR00143976__2024-07-04T16_04_45-Measurement 2/Images,r13c18f02p01-ch4sk1fk1fl1.tiff,/mnt/data_nvme1/data/ALSF_pilot_data/SN0313537/BR00143976__2024-07-04T16_04_45-Measurement 2/Images,r13c18f02p01-ch1sk1fk1fl1.tiff,/mnt/data_nvme1/data/ALSF_pilot_data/SN0313537/BR00143976__2024-07-04T16_04_45-Measurement 2/Images,r13c18f02p01-ch5sk1fk1fl1.tiff,/mnt/data_nvme1/data/ALSF_pilot_data/SN0313537/BR00143976__2024-07-04T16_04_45-Measurement 2/Images,BR00143976,M18,2,0.134324998,5,18,2,1,-0.000645814,0.000645814,-6e-06,13,False,24,Assay_Plate1_platemap,U2-OS,M,18,4000,standard
65,r13c18f03p01-ch2sk1fk1fl1.tiff,/mnt/data_nvme1/data/ALSF_pilot_data/SN0313537/BR00143976__2024-07-04T16_04_45-Measurement 2/Images,r13c18f03p01-ch6sk1fk1fl1.tiff,/mnt/data_nvme1/data/ALSF_pilot_data/SN0313537/BR00143976__2024-07-04T16_04_45-Measurement 2/Images,r13c18f03p01-ch3sk1fk1fl1.tiff,/mnt/data_nvme1/data/ALSF_pilot_data/SN0313537/BR00143976__2024-07-04T16_04_45-Measurement 2/Images,r13c18f03p01-ch4sk1fk1fl1.tiff,/mnt/data_nvme1/data/ALSF_pilot_data/SN0313537/BR00143976__2024-07-04T16_04_45-Measurement 2/Images,r13c18f03p01-ch1sk1fk1fl1.tiff,/mnt/data_nvme1/data/ALSF_pilot_data/SN0313537/BR00143976__2024-07-04T16_04_45-Measurement 2/Images,r13c18f03p01-ch5sk1fk1fl1.tiff,/mnt/data_nvme1/data/ALSF_pilot_data/SN0313537/BR00143976__2024-07-04T16_04_45-Measurement 2/Images,BR00143976,M18,3,0.134326503,5,18,3,1,0.0,0.000645814,-6e-06,13,False,24,Assay_Plate1_platemap,U2-OS,M,18,4000,standard
66,r13c18f04p01-ch2sk1fk1fl1.tiff,/mnt/data_nvme1/data/ALSF_pilot_data/SN0313537/BR00143976__2024-07-04T16_04_45-Measurement 2/Images,r13c18f04p01-ch6sk1fk1fl1.tiff,/mnt/data_nvme1/data/ALSF_pilot_data/SN0313537/BR00143976__2024-07-04T16_04_45-Measurement 2/Images,r13c18f04p01-ch3sk1fk1fl1.tiff,/mnt/data_nvme1/data/ALSF_pilot_data/SN0313537/BR00143976__2024-07-04T16_04_45-Measurement 2/Images,r13c18f04p01-ch4sk1fk1fl1.tiff,/mnt/data_nvme1/data/ALSF_pilot_data/SN0313537/BR00143976__2024-07-04T16_04_45-Measurement 2/Images,r13c18f04p01-ch1sk1fk1fl1.tiff,/mnt/data_nvme1/data/ALSF_pilot_data/SN0313537/BR00143976__2024-07-04T16_04_45-Measurement 2/Images,r13c18f04p01-ch5sk1fk1fl1.tiff,/mnt/data_nvme1/data/ALSF_pilot_data/SN0313537/BR00143976__2024-07-04T16_04_45-Measurement 2/Images,BR00143976,M18,4,0.134326994,5,18,4,1,0.000645814,0.000645814,-6e-06,13,False,24,Assay_Plate1_platemap,U2-OS,M,18,4000,standard
67,r13c18f05p01-ch2sk1fk1fl1.tiff,/mnt/data_nvme1/data/ALSF_pilot_data/SN0313537/BR00143976__2024-07-04T16_04_45-Measurement 2/Images,r13c18f05p01-ch6sk1fk1fl1.tiff,/mnt/data_nvme1/data/ALSF_pilot_data/SN0313537/BR00143976__2024-07-04T16_04_45-Measurement 2/Images,r13c18f05p01-ch3sk1fk1fl1.tiff,/mnt/data_nvme1/data/ALSF_pilot_data/SN0313537/BR00143976__2024-07-04T16_04_45-Measurement 2/Images,r13c18f05p01-ch4sk1fk1fl1.tiff,/mnt/data_nvme1/data/ALSF_pilot_data/SN0313537/BR00143976__2024-07-04T16_04_45-Measurement 2/Images,r13c18f05p01-ch1sk1fk1fl1.tiff,/mnt/data_nvme1/data/ALSF_pilot_data/SN0313537/BR00143976__2024-07-04T16_04_45-Measurement 2/Images,r13c18f05p01-ch5sk1fk1fl1.tiff,/mnt/data_nvme1/data/ALSF_pilot_data/SN0313537/BR00143976__2024-07-04T16_04_45-Measurement 2/Images,BR00143976,M18,5,0.134329304,5,18,5,1,0.000645814,0.0,-6e-06,13,False,24,Assay_Plate1_platemap,U2-OS,M,18,4000,standard
68,r13c18f06p01-ch2sk1fk1fl1.tiff,/mnt/data_nvme1/data/ALSF_pilot_data/SN0313537/BR00143976__2024-07-04T16_04_45-Measurement 2/Images,r13c18f06p01-ch6sk1fk1fl1.tiff,/mnt/data_nvme1/data/ALSF_pilot_data/SN0313537/BR00143976__2024-07-04T16_04_45-Measurement 2/Images,r13c18f06p01-ch3sk1fk1fl1.tiff,/mnt/data_nvme1/data/ALSF_pilot_data/SN0313537/BR00143976__2024-07-04T16_04_45-Measurement 2/Images,r13c18f06p01-ch4sk1fk1fl1.tiff,/mnt/data_nvme1/data/ALSF_pilot_data/SN0313537/BR00143976__2024-07-04T16_04_45-Measurement 2/Images,r13c18f06p01-ch1sk1fk1fl1.tiff,/mnt/data_nvme1/data/ALSF_pilot_data/SN0313537/BR00143976__2024-07-04T16_04_45-Measurement 2/Images,r13c18f06p01-ch5sk1fk1fl1.tiff,/mnt/data_nvme1/data/ALSF_pilot_data/SN0313537/BR00143976__2024-07-04T16_04_45-Measurement 2/Images,BR00143976,M18,6,0.134326398,5,18,6,1,-0.000645814,0.0,-6e-06,13,False,24,Assay_Plate1_platemap,U2-OS,M,18,4000,standard
69,r13c18f07p01-ch2sk1fk1fl1.tiff,/mnt/data_nvme1/data/ALSF_pilot_data/SN0313537/BR00143976__2024-07-04T16_04_45-Measurement 2/Images,r13c18f07p01-ch6sk1fk1fl1.tiff,/mnt/data_nvme1/data/ALSF_pilot_data/SN0313537/BR00143976__2024-07-04T16_04_45-Measurement 2/Images,r13c18f07p01-ch3sk1fk1fl1.tiff,/mnt/data_nvme1/data/ALSF_pilot_data/SN0313537/BR00143976__2024-07-04T16_04_45-Measurement 2/Images,r13c18f07p01-ch4sk1fk1fl1.tiff,/mnt/data_nvme1/data/ALSF_pilot_data/SN0313537/BR00143976__2024-07-04T16_04_45-Measurement 2/Images,r13c18f07p01-ch1sk1fk1fl1.tiff,/mnt/data_nvme1/data/ALSF_pilot_data/SN0313537/BR00143976__2024-07-04T16_04_45-Measurement 2/Images,r13c18f07p01-ch5sk1fk1fl1.tiff,/mnt/data_nvme1/data/ALSF_pilot_data/SN0313537/BR00143976__2024-07-04T16_04_45-Measurement 2/Images,BR00143976,M18,7,0.134326607,5,18,7,1,-0.000645814,-0.000645814,-6e-06,13,False,24,Assay_Plate1_platemap,U2-OS,M,18,4000,standard
70,r13c18f08p01-ch2sk1fk1fl1.tiff,/mnt/data_nvme1/data/ALSF_pilot_data/SN0313537/BR00143976__2024-07-04T16_04_45-Measurement 2/Images,r13c18f08p01-ch6sk1fk1fl1.tiff,/mnt/data_nvme1/data/ALSF_pilot_data/SN0313537/BR00143976__2024-07-04T16_04_45-Measurement 2/Images,r13c18f08p01-ch3sk1fk1fl1.tiff,/mnt/data_nvme1/data/ALSF_pilot_data/SN0313537/BR00143976__2024-07-04T16_04_45-Measurement 2/Images,r13c18f08p01-ch4sk1fk1fl1.tiff,/mnt/data_nvme1/data/ALSF_pilot_data/SN0313537/BR00143976__2024-07-04T16_04_45-Measurement 2/Images,r13c18f08p01-ch1sk1fk1fl1.tiff,/mnt/data_nvme1/data/ALSF_pilot_data/SN0313537/BR00143976__2024-07-04T16_04_45-Measurement 2/Images,r13c18f08p01-ch5sk1fk1fl1.tiff,/mnt/data_nvme1/data/ALSF_pilot_data/SN0313537/BR00143976__2024-07-04T16_04_45-Measurement 2/Images,BR00143976,M18,8,0.134328201,5,18,8,1,0.0,-0.000645814,-6e-06,13,False,24,Assay_Plate1_platemap,U2-OS,M,18,4000,standard
71,r13c18f09p01-ch2sk1fk1fl1.tiff,/mnt/data_nvme1/data/ALSF_pilot_data/SN0313537/BR00143976__2024-07-04T16_04_45-Measurement 2/Images,r13c18f09p01-ch6sk1fk1fl1.tiff,/mnt/data_nvme1/data/ALSF_pilot_data/SN0313537/BR00143976__2024-07-04T16_04_45-Measurement 2/Images,r13c18f09p01-ch3sk1fk1fl1.tiff,/mnt/data_nvme1/data/ALSF_pilot_data/SN0313537/BR00143976__2024-07-04T16_04_45-Measurement 2/Images,r13c18f09p01-ch4sk1fk1fl1.tiff,/mnt/data_nvme1/data/ALSF_pilot_data/SN0313537/BR00143976__2024-07-04T16_04_45-Measurement 2/Images,r13c18f09p01-ch1sk1fk1fl1.tiff,/mnt/data_nvme1/data/ALSF_pilot_data/SN0313537/BR00143976__2024-07-04T16_04_45-Measurement 2/Images,r13c18f09p01-ch5sk1fk1fl1.tiff,/mnt/data_nvme1/data/ALSF_pilot_data/SN0313537/BR00143976__2024-07-04T16_04_45-Measurement 2/Images,BR00143976,M18,9,0.134329006,5,18,9,1,0.000645814,-0.000645814,-6e-06,13,False,24,Assay_Plate1_platemap,U2-OS,M,18,4000,standard
72,r14c18f01p01-ch2sk1fk1fl1.tiff,/mnt/data_nvme1/data/ALSF_pilot_data/SN0313537/BR00143976__2024-07-04T16_04_45-Measurement 2/Images,r14c18f01p01-ch6sk1fk1fl1.tiff,/mnt/data_nvme1/data/ALSF_pilot_data/SN0313537/BR00143976__2024-07-04T16_04_45-Measurement 2/Images,r14c18f01p01-ch3sk1fk1fl1.tiff,/mnt/data_nvme1/data/ALSF_pilot_data/SN0313537/BR00143976__2024-07-04T16_04_45-Measurement 2/Images,r14c18f01p01-ch4sk1fk1fl1.tiff,/mnt/data_nvme1/data/ALSF_pilot_data/SN0313537/BR00143976__2024-07-04T16_04_45-Measurement 2/Images,r14c18f01p01-ch1sk1fk1fl1.tiff,/mnt/data_nvme1/data/ALSF_pilot_data/SN0313537/BR00143976__2024-07-04T16_04_45-Measurement 2/Images,r14c18f01p01-ch5sk1fk1fl1.tiff,/mnt/data_nvme1/data/ALSF_pilot_data/SN0313537/BR00143976__2024-07-04T16_04_45-Measurement 2/Images,BR00143976,N18,1,0.134335503,5,18,1,1,0.0,0.0,-6e-06,14,False,24,Assay_Plate1_platemap,U2-OS,N,18,4000,standard
73,r14c18f02p01-ch2sk1fk1fl1.tiff,/mnt/data_nvme1/data/ALSF_pilot_data/SN0313537/BR00143976__2024-07-04T16_04_45-Measurement 2/Images,r14c18f02p01-ch6sk1fk1fl1.tiff,/mnt/data_nvme1/data/ALSF_pilot_data/SN0313537/BR00143976__2024-07-04T16_04_45-Measurement 2/Images,r14c18f02p01-ch3sk1fk1fl1.tiff,/mnt/data_nvme1/data/ALSF_pilot_data/SN0313537/BR00143976__2024-07-04T16_04_45-Measurement 2/Images,r14c18f02p01-ch4sk1fk1fl1.tiff,/mnt/data_nvme1/data/ALSF_pilot_data/SN0313537/BR00143976__2024-07-04T16_04_45-Measurement 2/Images,r14c18f02p01-ch1sk1fk1fl1.tiff,/mnt/data_nvme1/data/ALSF_pilot_data/SN0313537/BR00143976__2024-07-04T16_04_45-Measurement 2/Images,r14c18f02p01-ch5sk1fk1fl1.tiff,/mnt/data_nvme1/data/ALSF_pilot_data/SN0313537/BR00143976__2024-07-04T16_04_45-Measurement 2/Images,BR00143976,N18,2,0.134332001,5,18,2,1,-0.000645814,0.000645814,-6e-06,14,False,24,Assay_Plate1_platemap,U2-OS,N,18,4000,standard
74,r14c18f03p01-ch2sk1fk1fl1.tiff,/mnt/data_nvme1/data/ALSF_pilot_data/SN0313537/BR00143976__2024-07-04T16_04_45-Measurement 2/Images,r14c18f03p01-ch6sk1fk1fl1.tiff,/mnt/data_nvme1/data/ALSF_pilot_data/SN0313537/BR00143976__2024-07-04T16_04_45-Measurement 2/Images,r14c18f03p01-ch3sk1fk1fl1.tiff,/mnt/data_nvme1/data/ALSF_pilot_data/SN0313537/BR00143976__2024-07-04T16_04_45-Measurement 2/Images,r14c18f03p01-ch4sk1fk1fl1.tiff,/mnt/data_nvme1/data/ALSF_pilot_data/SN0313537/BR00143976__2024-07-04T16_04_45-Measurement 2/Images,r14c18f03p01-ch1sk1fk1fl1.tiff,/mnt/data_nvme1/data/ALSF_pilot_data/SN0313537/BR00143976__2024-07-04T16_04_45-Measurement 2/Images,r14c18f03p01-ch5sk1fk1fl1.tiff,/mnt/data_nvme1/data/ALSF_pilot_data/SN0313537/BR00143976__2024-07-04T16_04_45-Measurement 2/Images,BR00143976,N18,3,0.134332106,5,18,3,1,0.0,0.000645814,-6e-06,14,False,24,Assay_Plate1_platemap,U2-OS,N,18,4000,standard
75,r14c18f04p01-ch2sk1fk1fl1.tiff,/mnt/data_nvme1/data/ALSF_pilot_data/SN0313537/BR00143976__2024-07-04T16_04_45-Measurement 2/Images,r14c18f04p01-ch6sk1fk1fl1.tiff,/mnt/data_nvme1/data/ALSF_pilot_data/SN0313537/BR00143976__2024-07-04T16_04_45-Measurement 2/Images,r14c18f04p01-ch3sk1fk1fl1.tiff,/mnt/data_nvme1/data/ALSF_pilot_data/SN0313537/BR00143976__2024-07-04T16_04_45-Measurement 2/Images,r14c18f04p01-ch4sk1fk1fl1.tiff,/mnt/data_nvme1/data/ALSF_pilot_data/SN0313537/BR00143976__2024-07-04T16_04_45-Measurement 2/Images,r14c18f04p01-ch1sk1fk1fl1.tiff,/mnt/data_nvme1/data/ALSF_pilot_data/SN0313537/BR00143976__2024-07-04T16_04_45-Measurement 2/Images,r14c18f04p01-ch5sk1fk1fl1.tiff,/mnt/data_nvme1/data/ALSF_pilot_data/SN0313537/BR00143976__2024-07-04T16_04_45-Measurement 2/Images,BR00143976,N18,4,0.134333804,5,18,4,1,0.000645814,0.000645814,-6e-06,14,False,24,Assay_Plate1_platemap,U2-OS,N,18,4000,standard
76,r14c18f05p01-ch2sk1fk1fl1.tiff,/mnt/data_nvme1/data/ALSF_pilot_data/SN0313537/BR00143976__2024-07-04T16_04_45-Measurement 2/Images,r14c18f05p01-ch6sk1fk1fl1.tiff,/mnt/data_nvme1/data/ALSF_pilot_data/SN0313537/BR00143976__2024-07-04T16_04_45-Measurement 2/Images,r14c18f05p01-ch3sk1fk1fl1.tiff,/mnt/data_nvme1/data/ALSF_pilot_data/SN0313537/BR00143976__2024-07-04T16_04_45-Measurement 2/Images,r14c18f05p01-ch4sk1fk1fl1.tiff,/mnt/data_nvme1/data/ALSF_pilot_data/SN0313537/BR00143976__2024-07-04T16_04_45-Measurement 2/Images,r14c18f05p01-ch1sk1fk1fl1.tiff,/mnt/data_nvme1/data/ALSF_pilot_data/SN0313537/BR00143976__2024-07-04T16_04_45-Measurement 2/Images,r14c18f05p01-ch5sk1fk1fl1.tiff,/mnt/data_nvme1/data/ALSF_pilot_data/SN0313537/BR00143976__2024-07-04T16_04_45-Measurement 2/Images,BR00143976,N18,5,0.134336904,5,18,5,1,0.000645814,0.0,-6e-06,14,False,24,Assay_Plate1_platemap,U2-OS,N,18,4000,standard
77,r14c18f06p01-ch2sk1fk1fl1.tiff,/mnt/data_nvme1/data/ALSF_pilot_data/SN0313537/BR00143976__2024-07-04T16_04_45-Measurement 2/Images,r14c18f06p01-ch6sk1fk1fl1.tiff,/mnt/data_nvme1/data/ALSF_pilot_data/SN0313537/BR00143976__2024-07-04T16_04_45-Measurement 2/Images,r14c18f06p01-ch3sk1fk1fl1.tiff,/mnt/data_nvme1/data/ALSF_pilot_data/SN0313537/BR00143976__2024-07-04T16_04_45-Measurement 2/Images,r14c18f06p01-ch4sk1fk1fl1.tiff,/mnt/data_nvme1/data/ALSF_pilot_data/SN0313537/BR00143976__2024-07-04T16_04_45-Measurement 2/Images,r14c18f06p01-ch1sk1fk1fl1.tiff,/mnt/data_nvme1/data/ALSF_pilot_data/SN0313537/BR00143976__2024-07-04T16_04_45-Measurement 2/Images,r14c18f06p01-ch5sk1fk1fl1.tiff,/mnt/data_nvme1/data/ALSF_pilot_data/SN0313537/BR00143976__2024-07-04T16_04_45-Measurement 2/Images,BR00143976,N18,6,0.134334594,5,18,6,1,-0.000645814,0.0,-6e-06,14,False,24,Assay_Plate1_platemap,U2-OS,N,18,4000,standard
78,r14c18f07p01-ch2sk1fk1fl1.tiff,/mnt/data_nvme1/data/ALSF_pilot_data/SN0313537/BR00143976__2024-07-04T16_04_45-Measurement 2/Images,r14c18f07p01-ch6sk1fk1fl1.tiff,/mnt/data_nvme1/data/ALSF_pilot_data/SN0313537/BR00143976__2024-07-04T16_04_45-Measurement 2/Images,r14c18f07p01-ch3sk1fk1fl1.tiff,/mnt/data_nvme1/data/ALSF_pilot_data/SN0313537/BR00143976__2024-07-04T16_04_45-Measurement 2/Images,r14c18f07p01-ch4sk1fk1fl1.tiff,/mnt/data_nvme1/data/ALSF_pilot_data/SN0313537/BR00143976__2024-07-04T16_04_45-Measurement 2/Images,r14c18f07p01-ch1sk1fk1fl1.tiff,/mnt/data_nvme1/data/ALSF_pilot_data/SN0313537/BR00143976__2024-07-04T16_04_45-Measurement 2/Images,r14c18f07p01-ch5sk1fk1fl1.tiff,/mnt/data_nvme1/data/ALSF_pilot_data/SN0313537/BR00143976__2024-07-04T16_04_45-Measurement 2/Images,BR00143976,N18,7,0.134336799,5,18,7,1,-0.000645814,-0.000645814,-6e-06,14,False,24,Assay_Plate1_platemap,U2-OS,N,18,4000,standard
79,r14c18f08p01-ch2sk1fk1fl1.tiff,/mnt/data_nvme1/data/ALSF_pilot_data/SN0313537/BR00143976__2024-07-04T16_04_45-Measurement 2/Images,r14c18f08p01-ch6sk1fk1fl1.tiff,/mnt/data_nvme1/data/ALSF_pilot_data/SN0313537/BR00143976__2024-07-04T16_04_45-Measurement 2/Images,r14c18f08p01-ch3sk1fk1fl1.tiff,/mnt/data_nvme1/data/ALSF_pilot_data/SN0313537/BR00143976__2024-07-04T16_04_45-Measurement 2/Images,r14c18f08p01-ch4sk1fk1fl1.tiff,/mnt/data_nvme1/data/ALSF_pilot_data/SN0313537/BR00143976__2024-07-04T16_04_45-Measurement 2/Images,r14c18f08p01-ch1sk1fk1fl1.tiff,/mnt/data_nvme1/data/ALSF_pilot_data/SN0313537/BR00143976__2024-07-04T16_04_45-Measurement 2/Images,r14c18f08p01-ch5sk1fk1fl1.tiff,/mnt/data_nvme1/data/ALSF_pilot_data/SN0313537/BR00143976__2024-07-04T16_04_45-Measurement 2/Images,BR00143976,N18,8,0.134337395,5,18,8,1,0.0,-0.000645814,-6e-06,14,False,24,Assay_Plate1_platemap,U2-OS,N,18,4000,standard
80,r14c18f09p01-ch2sk1fk1fl1.tiff,/mnt/data_nvme1/data/ALSF_pilot_data/SN0313537/BR00143976__2024-07-04T16_04_45-Measurement 2/Images,r14c18f09p01-ch6sk1fk1fl1.tiff,/mnt/data_nvme1/data/ALSF_pilot_data/SN0313537/BR00143976__2024-07-04T16_04_45-Measurement 2/Images,r14c18f09p01-ch3sk1fk1fl1.tiff,/mnt/data_nvme1/data/ALSF_pilot_data/SN0313537/BR00143976__2024-07-04T16_04_45-Measurement 2/Images,r14c18f09p01-ch4sk1fk1fl1.tiff,/mnt/data_nvme1/data/ALSF_pilot_data/SN0313537/BR00143976__2024-07-04T16_04_45-Measurement 2/Images,r14c18f09p01-ch1sk1fk1fl1.tiff,/mnt/data_nvme1/data/ALSF_pilot_data/SN0313537/BR00143976__2024-07-04T16_04_45-Measurement 2/Images,r14c18f09p01-ch5sk1fk1fl1.tiff,/mnt/data_nvme1/data/ALSF_pilot_data/SN0313537/BR00143976__2024-07-04T16_04_45-Measurement 2/Images,BR00143976,N18,9,0.134338498,5,18,9,1,0.000645814,-0.000645814,-6e-06,14,False,24,Assay_Plate1_platemap,U2-OS,N,18,4000,standard
81,r13c19f01p01-ch2sk1fk1fl1.tiff,/mnt/data_nvme1/data/ALSF_pilot_data/SN0313537/BR00143976__2024-07-04T16_04_45-Measurement 2/Images,r13c19f01p01-ch6sk1fk1fl1.tiff,/mnt/data_nvme1/data/ALSF_pilot_data/SN0313537/BR00143976__2024-07-04T16_04_45-Measurement 2/Images,r13c19f01p01-ch3sk1fk1fl1.tiff,/mnt/data_nvme1/data/ALSF_pilot_data/SN0313537/BR00143976__2024-07-04T16_04_45-Measurement 2/Images,r13c19f01p01-ch4sk1fk1fl1.tiff,/mnt/data_nvme1/data/ALSF_pilot_data/SN0313537/BR00143976__2024-07-04T16_04_45-Measurement 2/Images,r13c19f01p01-ch1sk1fk1fl1.tiff,/mnt/data_nvme1/data/ALSF_pilot_data/SN0313537/BR00143976__2024-07-04T16_04_45-Measurement 2/Images,r13c19f01p01-ch5sk1fk1fl1.tiff,/mnt/data_nvme1/data/ALSF_pilot_data/SN0313537/BR00143976__2024-07-04T16_04_45-Measurement 2/Images,BR00143976,M19,1,0.134331703,5,19,1,1,0.0,0.0,-6e-06,13,False,24,Assay_Plate1_platemap,U2-OS,M,19,8000,standard
82,r13c19f02p01-ch2sk1fk1fl1.tiff,/mnt/data_nvme1/data/ALSF_pilot_data/SN0313537/BR00143976__2024-07-04T16_04_45-Measurement 2/Images,r13c19f02p01-ch6sk1fk1fl1.tiff,/mnt/data_nvme1/data/ALSF_pilot_data/SN0313537/BR00143976__2024-07-04T16_04_45-Measurement 2/Images,r13c19f02p01-ch3sk1fk1fl1.tiff,/mnt/data_nvme1/data/ALSF_pilot_data/SN0313537/BR00143976__2024-07-04T16_04_45-Measurement 2/Images,r13c19f02p01-ch4sk1fk1fl1.tiff,/mnt/data_nvme1/data/ALSF_pilot_data/SN0313537/BR00143976__2024-07-04T16_04_45-Measurement 2/Images,r13c19f02p01-ch1sk1fk1fl1.tiff,/mnt/data_nvme1/data/ALSF_pilot_data/SN0313537/BR00143976__2024-07-04T16_04_45-Measurement 2/Images,r13c19f02p01-ch5sk1fk1fl1.tiff,/mnt/data_nvme1/data/ALSF_pilot_data/SN0313537/BR00143976__2024-07-04T16_04_45-Measurement 2/Images,BR00143976,M19,2,0.134327799,5,19,2,1,-0.000645814,0.000645814,-6e-06,13,False,24,Assay_Plate1_platemap,U2-OS,M,19,8000,standard
83,r13c19f03p01-ch2sk1fk1fl1.tiff,/mnt/data_nvme1/data/ALSF_pilot_data/SN0313537/BR00143976__2024-07-04T16_04_45-Measurement 2/Images,r13c19f03p01-ch6sk1fk1fl1.tiff,/mnt/data_nvme1/data/ALSF_pilot_data/SN0313537/BR00143976__2024-07-04T16_04_45-Measurement 2/Images,r13c19f03p01-ch3sk1fk1fl1.tiff,/mnt/data_nvme1/data/ALSF_pilot_data/SN0313537/BR00143976__2024-07-04T16_04_45-Measurement 2/Images,r13c19f03p01-ch4sk1fk1fl1.tiff,/mnt/data_nvme1/data/ALSF_pilot_data/SN0313537/BR00143976__2024-07-04T16_04_45-Measurement 2/Images,r13c19f03p01-ch1sk1fk1fl1.tiff,/mnt/data_nvme1/data/ALSF_pilot_data/SN0313537/BR00143976__2024-07-04T16_04_45-Measurement 2/Images,r13c19f03p01-ch5sk1fk1fl1.tiff,/mnt/data_nvme1/data/ALSF_pilot_data/SN0313537/BR00143976__2024-07-04T16_04_45-Measurement 2/Images,BR00143976,M19,3,0.134329602,5,19,3,1,0.0,0.000645814,-6e-06,13,False,24,Assay_Plate1_platemap,U2-OS,M,19,8000,standard
84,r13c19f04p01-ch2sk1fk1fl1.tiff,/mnt/data_nvme1/data/ALSF_pilot_data/SN0313537/BR00143976__2024-07-04T16_04_45-Measurement 2/Images,r13c19f04p01-ch6sk1fk1fl1.tiff,/mnt/data_nvme1/data/ALSF_pilot_data/SN0313537/BR00143976__2024-07-04T16_04_45-Measurement 2/Images,r13c19f04p01-ch3sk1fk1fl1.tiff,/mnt/data_nvme1/data/ALSF_pilot_data/SN0313537/BR00143976__2024-07-04T16_04_45-Measurement 2/Images,r13c19f04p01-ch4sk1fk1fl1.tiff,/mnt/data_nvme1/data/ALSF_pilot_data/SN0313537/BR00143976__2024-07-04T16_04_45-Measurement 2/Images,r13c19f04p01-ch1sk1fk1fl1.tiff,/mnt/data_nvme1/data/ALSF_pilot_data/SN0313537/BR00143976__2024-07-04T16_04_45-Measurement 2/Images,r13c19f04p01-ch5sk1fk1fl1.tiff,/mnt/data_nvme1/data/ALSF_pilot_data/SN0313537/BR00143976__2024-07-04T16_04_45-Measurement 2/Images,BR00143976,M19,4,0.134330094,5,19,4,1,0.000645814,0.000645814,-6e-06,13,False,24,Assay_Plate1_platemap,U2-OS,M,19,8000,standard
85,r13c19f05p01-ch2sk1fk1fl1.tiff,/mnt/data_nvme1/data/ALSF_pilot_data/SN0313537/BR00143976__2024-07-04T16_04_45-Measurement 2/Images,r13c19f05p01-ch6sk1fk1fl1.tiff,/mnt/data_nvme1/data/ALSF_pilot_data/SN0313537/BR00143976__2024-07-04T16_04_45-Measurement 2/Images,r13c19f05p01-ch3sk1fk1fl1.tiff,/mnt/data_nvme1/data/ALSF_pilot_data/SN0313537/BR00143976__2024-07-04T16_04_45-Measurement 2/Images,r13c19f05p01-ch4sk1fk1fl1.tiff,/mnt/data_nvme1/data/ALSF_pilot_data/SN0313537/BR00143976__2024-07-04T16_04_45-Measurement 2/Images,r13c19f05p01-ch1sk1fk1fl1.tiff,/mnt/data_nvme1/data/ALSF_pilot_data/SN0313537/BR00143976__2024-07-04T16_04_45-Measurement 2/Images,r13c19f05p01-ch5sk1fk1fl1.tiff,/mnt/data_nvme1/data/ALSF_pilot_data/SN0313537/BR00143976__2024-07-04T16_04_45-Measurement 2/Images,BR00143976,M19,5,0.134331599,5,19,5,1,0.000645814,0.0,-6e-06,13,False,24,Assay_Plate1_platemap,U2-OS,M,19,8000,standard
86,r13c19f06p01-ch2sk1fk1fl1.tiff,/mnt/data_nvme1/data/ALSF_pilot_data/SN0313537/BR00143976__2024-07-04T16_04_45-Measurement 2/Images,r13c19f06p01-ch6sk1fk1fl1.tiff,/mnt/data_nvme1/data/ALSF_pilot_data/SN0313537/BR00143976__2024-07-04T16_04_45-Measurement 2/Images,r13c19f06p01-ch3sk1fk1fl1.tiff,/mnt/data_nvme1/data/ALSF_pilot_data/SN0313537/BR00143976__2024-07-04T16_04_45-Measurement 2/Images,r13c19f06p01-ch4sk1fk1fl1.tiff,/mnt/data_nvme1/data/ALSF_pilot_data/SN0313537/BR00143976__2024-07-04T16_04_45-Measurement 2/Images,r13c19f06p01-ch1sk1fk1fl1.tiff,/mnt/data_nvme1/data/ALSF_pilot_data/SN0313537/BR00143976__2024-07-04T16_04_45-Measurement 2/Images,r13c19f06p01-ch5sk1fk1fl1.tiff,/mnt/data_nvme1/data/ALSF_pilot_data/SN0313537/BR00143976__2024-07-04T16_04_45-Measurement 2/Images,BR00143976,M19,6,0.134328902,5,19,6,1,-0.000645814,0.0,-6e-06,13,False,24,Assay_Plate1_platemap,U2-OS,M,19,8000,standard
87,r13c19f07p01-ch2sk1fk1fl1.tiff,/mnt/data_nvme1/data/ALSF_pilot_data/SN0313537/BR00143976__2024-07-04T16_04_45-Measurement 2/Images,r13c19f07p01-ch6sk1fk1fl1.tiff,/mnt/data_nvme1/data/ALSF_pilot_data/SN0313537/BR00143976__2024-07-04T16_04_45-Measurement 2/Images,r13c19f07p01-ch3sk1fk1fl1.tiff,/mnt/data_nvme1/data/ALSF_pilot_data/SN0313537/BR00143976__2024-07-04T16_04_45-Measurement 2/Images,r13c19f07p01-ch4sk1fk1fl1.tiff,/mnt/data_nvme1/data/ALSF_pilot_data/SN0313537/BR00143976__2024-07-04T16_04_45-Measurement 2/Images,r13c19f07p01-ch1sk1fk1fl1.tiff,/mnt/data_nvme1/data/ALSF_pilot_data/SN0313537/BR00143976__2024-07-04T16_04_45-Measurement 2/Images,r13c19f07p01-ch5sk1fk1fl1.tiff,/mnt/data_nvme1/data/ALSF_pilot_data/SN0313537/BR00143976__2024-07-04T16_04_45-Measurement 2/Images,BR00143976,M19,7,0.134329394,5,19,7,1,-0.000645814,-0.000645814,-6e-06,13,False,24,Assay_Plate1_platemap,U2-OS,M,19,8000,standard
88,r13c19f08p01-ch2sk1fk1fl1.tiff,/mnt/data_nvme1/data/ALSF_pilot_data/SN0313537/BR00143976__2024-07-04T16_04_45-Measurement 2/Images,r13c19f08p01-ch6sk1fk1fl1.tiff,/mnt/data_nvme1/data/ALSF_pilot_data/SN0313537/BR00143976__2024-07-04T16_04_45-Measurement 2/Images,r13c19f08p01-ch3sk1fk1fl1.tiff,/mnt/data_nvme1/data/ALSF_pilot_data/SN0313537/BR00143976__2024-07-04T16_04_45-Measurement 2/Images,r13c19f08p01-ch4sk1fk1fl1.tiff,/mnt/data_nvme1/data/ALSF_pilot_data/SN0313537/BR00143976__2024-07-04T16_04_45-Measurement 2/Images,r13c19f08p01-ch1sk1fk1fl1.tiff,/mnt/data_nvme1/data/ALSF_pilot_data/SN0313537/BR00143976__2024-07-04T16_04_45-Measurement 2/Images,r13c19f08p01-ch5sk1fk1fl1.tiff,/mnt/data_nvme1/data/ALSF_pilot_data/SN0313537/BR00143976__2024-07-04T16_04_45-Measurement 2/Images,BR00143976,M19,8,0.134331599,5,19,8,1,0.0,-0.000645814,-6e-06,13,False,24,Assay_Plate1_platemap,U2-OS,M,19,8000,standard
89,r13c19f09p01-ch2sk1fk1fl1.tiff,/mnt/data_nvme1/data/ALSF_pilot_data/SN0313537/BR00143976__2024-07-04T16_04_45-Measurement 2/Images,r13c19f09p01-ch6sk1fk1fl1.tiff,/mnt/data_nvme1/data/ALSF_pilot_data/SN0313537/BR00143976__2024-07-04T16_04_45-Measurement 2/Images,r13c19f09p01-ch3sk1fk1fl1.tiff,/mnt/data_nvme1/data/ALSF_pilot_data/SN0313537/BR00143976__2024-07-04T16_04_45-Measurement 2/Images,r13c19f09p01-ch4sk1fk1fl1.tiff,/mnt/data_nvme1/data/ALSF_pilot_data/SN0313537/BR00143976__2024-07-04T16_04_45-Measurement 2/Images,r13c19f09p01-ch1sk1fk1fl1.tiff,/mnt/data_nvme1/data/ALSF_pilot_data/SN0313537/BR00143976__2024-07-04T16_04_45-Measurement 2/Images,r13c19f09p01-ch5sk1fk1fl1.tiff,/mnt/data_nvme1/data/ALSF_pilot_data/SN0313537/BR00143976__2024-07-04T16_04_45-Measurement 2/Images,BR00143976,M19,9,0.134332001,5,19,9,1,0.000645814,-0.000645814,-6e-06,13,False,24,Assay_Plate1_platemap,U2-OS,M,19,8000,standard
90,r14c19f01p01-ch2sk1fk1fl1.tiff,/mnt/data_nvme1/data/ALSF_pilot_data/SN0313537/BR00143976__2024-07-04T16_04_45-Measurement 2/Images,r14c19f01p01-ch6sk1fk1fl1.tiff,/mnt/data_nvme1/data/ALSF_pilot_data/SN0313537/BR00143976__2024-07-04T16_04_45-Measurement 2/Images,r14c19f01p01-ch3sk1fk1fl1.tiff,/mnt/data_nvme1/data/ALSF_pilot_data/SN0313537/BR00143976__2024-07-04T16_04_45-Measurement 2/Images,r14c19f01p01-ch4sk1fk1fl1.tiff,/mnt/data_nvme1/data/ALSF_pilot_data/SN0313537/BR00143976__2024-07-04T16_04_45-Measurement 2/Images,r14c19f01p01-ch1sk1fk1fl1.tiff,/mnt/data_nvme1/data/ALSF_pilot_data/SN0313537/BR00143976__2024-07-04T16_04_45-Measurement 2/Images,r14c19f01p01-ch5sk1fk1fl1.tiff,/mnt/data_nvme1/data/ALSF_pilot_data/SN0313537/BR00143976__2024-07-04T16_04_45-Measurement 2/Images,BR00143976,N19,1,0.134338796,5,19,1,1,0.0,0.0,-6e-06,14,False,24,Assay_Plate1_platemap,U2-OS,N,19,8000,standard
91,r14c19f02p01-ch2sk1fk1fl1.tiff,/mnt/data_nvme1/data/ALSF_pilot_data/SN0313537/BR00143976__2024-07-04T16_04_45-Measurement 2/Images,r14c19f02p01-ch6sk1fk1fl1.tiff,/mnt/data_nvme1/data/ALSF_pilot_data/SN0313537/BR00143976__2024-07-04T16_04_45-Measurement 2/Images,r14c19f02p01-ch3sk1fk1fl1.tiff,/mnt/data_nvme1/data/ALSF_pilot_data/SN0313537/BR00143976__2024-07-04T16_04_45-Measurement 2/Images,r14c19f02p01-ch4sk1fk1fl1.tiff,/mnt/data_nvme1/data/ALSF_pilot_data/SN0313537/BR00143976__2024-07-04T16_04_45-Measurement 2/Images,r14c19f02p01-ch1sk1fk1fl1.tiff,/mnt/data_nvme1/data/ALSF_pilot_data/SN0313537/BR00143976__2024-07-04T16_04_45-Measurement 2/Images,r14c19f02p01-ch5sk1fk1fl1.tiff,/mnt/data_nvme1/data/ALSF_pilot_data/SN0313537/BR00143976__2024-07-04T16_04_45-Measurement 2/Images,BR00143976,N19,2,0.134334803,5,19,2,1,-0.000645814,0.000645814,-6e-06,14,False,24,Assay_Plate1_platemap,U2-OS,N,19,8000,standard
92,r14c19f03p01-ch2sk1fk1fl1.tiff,/mnt/data_nvme1/data/ALSF_pilot_data/SN0313537/BR00143976__2024-07-04T16_04_45-Measurement 2/Images,r14c19f03p01-ch6sk1fk1fl1.tiff,/mnt/data_nvme1/data/ALSF_pilot_data/SN0313537/BR00143976__2024-07-04T16_04_45-Measurement 2/Images,r14c19f03p01-ch3sk1fk1fl1.tiff,/mnt/data_nvme1/data/ALSF_pilot_data/SN0313537/BR00143976__2024-07-04T16_04_45-Measurement 2/Images,r14c19f03p01-ch4sk1fk1fl1.tiff,/mnt/data_nvme1/data/ALSF_pilot_data/SN0313537/BR00143976__2024-07-04T16_04_45-Measurement 2/Images,r14c19f03p01-ch1sk1fk1fl1.tiff,/mnt/data_nvme1/data/ALSF_pilot_data/SN0313537/BR00143976__2024-07-04T16_04_45-Measurement 2/Images,r14c19f03p01-ch5sk1fk1fl1.tiff,/mnt/data_nvme1/data/ALSF_pilot_data/SN0313537/BR00143976__2024-07-04T16_04_45-Measurement 2/Images,BR00143976,N19,3,0.134335697,5,19,3,1,0.0,0.000645814,-6e-06,14,False,24,Assay_Plate1_platemap,U2-OS,N,19,8000,standard
93,r14c19f04p01-ch2sk1fk1fl1.tiff,/mnt/data_nvme1/data/ALSF_pilot_data/SN0313537/BR00143976__2024-07-04T16_04_45-Measurement 2/Images,r14c19f04p01-ch6sk1fk1fl1.tiff,/mnt/data_nvme1/data/ALSF_pilot_data/SN0313537/BR00143976__2024-07-04T16_04_45-Measurement 2/Images,r14c19f04p01-ch3sk1fk1fl1.tiff,/mnt/data_nvme1/data/ALSF_pilot_data/SN0313537/BR00143976__2024-07-04T16_04_45-Measurement 2/Images,r14c19f04p01-ch4sk1fk1fl1.tiff,/mnt/data_nvme1/data/ALSF_pilot_data/SN0313537/BR00143976__2024-07-04T16_04_45-Measurement 2/Images,r14c19f04p01-ch1sk1fk1fl1.tiff,/mnt/data_nvme1/data/ALSF_pilot_data/SN0313537/BR00143976__2024-07-04T16_04_45-Measurement 2/Images,r14c19f04p01-ch5sk1fk1fl1.tiff,/mnt/data_nvme1/data/ALSF_pilot_data/SN0313537/BR00143976__2024-07-04T16_04_45-Measurement 2/Images,BR00143976,N19,4,0.134336799,5,19,4,1,0.000645814,0.000645814,-6e-06,14,False,24,Assay_Plate1_platemap,U2-OS,N,19,8000,standard
94,r14c19f05p01-ch2sk1fk1fl1.tiff,/mnt/data_nvme1/data/ALSF_pilot_data/SN0313537/BR00143976__2024-07-04T16_04_45-Measurement 2/Images,r14c19f05p01-ch6sk1fk1fl1.tiff,/mnt/data_nvme1/data/ALSF_pilot_data/SN0313537/BR00143976__2024-07-04T16_04_45-Measurement 2/Images,r14c19f05p01-ch3sk1fk1fl1.tiff,/mnt/data_nvme1/data/ALSF_pilot_data/SN0313537/BR00143976__2024-07-04T16_04_45-Measurement 2/Images,r14c19f05p01-ch4sk1fk1fl1.tiff,/mnt/data_nvme1/data/ALSF_pilot_data/SN0313537/BR00143976__2024-07-04T16_04_45-Measurement 2/Images,r14c19f05p01-ch1sk1fk1fl1.tiff,/mnt/data_nvme1/data/ALSF_pilot_data/SN0313537/BR00143976__2024-07-04T16_04_45-Measurement 2/Images,r14c19f05p01-ch5sk1fk1fl1.tiff,/mnt/data_nvme1/data/ALSF_pilot_data/SN0313537/BR00143976__2024-07-04T16_04_45-Measurement 2/Images,BR00143976,N19,5,0.134339094,5,19,5,1,0.000645814,0.0,-6e-06,14,False,24,Assay_Plate1_platemap,U2-OS,N,19,8000,standard
95,r14c19f06p01-ch2sk1fk1fl1.tiff,/mnt/data_nvme1/data/ALSF_pilot_data/SN0313537/BR00143976__2024-07-04T16_04_45-Measurement 2/Images,r14c19f06p01-ch6sk1fk1fl1.tiff,/mnt/data_nvme1/data/ALSF_pilot_data/SN0313537/BR00143976__2024-07-04T16_04_45-Measurement 2/Images,r14c19f06p01-ch3sk1fk1fl1.tiff,/mnt/data_nvme1/data/ALSF_pilot_data/SN0313537/BR00143976__2024-07-04T16_04_45-Measurement 2/Images,r14c19f06p01-ch4sk1fk1fl1.tiff,/mnt/data_nvme1/data/ALSF_pilot_data/SN0313537/BR00143976__2024-07-04T16_04_45-Measurement 2/Images,r14c19f06p01-ch1sk1fk1fl1.tiff,/mnt/data_nvme1/data/ALSF_pilot_data/SN0313537/BR00143976__2024-07-04T16_04_45-Measurement 2/Images,r14c19f06p01-ch5sk1fk1fl1.tiff,/mnt/data_nvme1/data/ALSF_pilot_data/SN0313537/BR00143976__2024-07-04T16_04_45-Measurement 2/Images,BR00143976,N19,6,0.134336293,5,19,6,1,-0.000645814,0.0,-6e-06,14,False,24,Assay_Plate1_platemap,U2-OS,N,19,8000,standard
96,r14c19f07p01-ch2sk1fk1fl1.tiff,/mnt/data_nvme1/data/ALSF_pilot_data/SN0313537/BR00143976__2024-07-04T16_04_45-Measurement 2/Images,r14c19f07p01-ch6sk1fk1fl1.tiff,/mnt/data_nvme1/data/ALSF_pilot_data/SN0313537/BR00143976__2024-07-04T16_04_45-Measurement 2/Images,r14c19f07p01-ch3sk1fk1fl1.tiff,/mnt/data_nvme1/data/ALSF_pilot_data/SN0313537/BR00143976__2024-07-04T16_04_45-Measurement 2/Images,r14c19f07p01-ch4sk1fk1fl1.tiff,/mnt/data_nvme1/data/ALSF_pilot_data/SN0313537/BR00143976__2024-07-04T16_04_45-Measurement 2/Images,r14c19f07p01-ch1sk1fk1fl1.tiff,/mnt/data_nvme1/data/ALSF_pilot_data/SN0313537/BR00143976__2024-07-04T16_04_45-Measurement 2/Images,r14c19f07p01-ch5sk1fk1fl1.tiff,/mnt/data_nvme1/data/ALSF_pilot_data/SN0313537/BR00143976__2024-07-04T16_04_45-Measurement 2/Images,BR00143976,N19,7,0.134337798,5,19,7,1,-0.000645814,-0.000645814,-6e-06,14,False,24,Assay_Plate1_platemap,U2-OS,N,19,8000,standard
97,r14c19f08p01-ch2sk1fk1fl1.tiff,/mnt/data_nvme1/data/ALSF_pilot_data/SN0313537/BR00143976__2024-07-04T16_04_45-Measurement 2/Images,r14c19f08p01-ch6sk1fk1fl1.tiff,/mnt/data_nvme1/data/ALSF_pilot_data/SN0313537/BR00143976__2024-07-04T16_04_45-Measurement 2/Images,r14c19f08p01-ch3sk1fk1fl1.tiff,/mnt/data_nvme1/data/ALSF_pilot_data/SN0313537/BR00143976__2024-07-04T16_04_45-Measurement 2/Images,r14c19f08p01-ch4sk1fk1fl1.tiff,/mnt/data_nvme1/data/ALSF_pilot_data/SN0313537/BR00143976__2024-07-04T16_04_45-Measurement 2/Images,r14c19f08p01-ch1sk1fk1fl1.tiff,/mnt/data_nvme1/data/ALSF_pilot_data/SN0313537/BR00143976__2024-07-04T16_04_45-Measurement 2/Images,r14c19f08p01-ch5sk1fk1fl1.tiff,/mnt/data_nvme1/data/ALSF_pilot_data/SN0313537/BR00143976__2024-07-04T16_04_45-Measurement 2/Images,BR00143976,N19,8,0.134339407,5,19,8,1,0.0,-0.000645814,-6e-06,14,False,24,Assay_Plate1_platemap,U2-OS,N,19,8000,standard
98,r14c19f09p01-ch2sk1fk1fl1.tiff,/mnt/data_nvme1/data/ALSF_pilot_data/SN0313537/BR00143976__2024-07-04T16_04_45-Measurement 2/Images,r14c19f09p01-ch6sk1fk1fl1.tiff,/mnt/data_nvme1/data/ALSF_pilot_data/SN0313537/BR00143976__2024-07-04T16_04_45-Measurement 2/Images,r14c19f09p01-ch3sk1fk1fl1.tiff,/mnt/data_nvme1/data/ALSF_pilot_data/SN0313537/BR00143976__2024-07-04T16_04_45-Measurement 2/Images,r14c19f09p01-ch4sk1fk1fl1.tiff,/mnt/data_nvme1/data/ALSF_pilot_data/SN0313537/BR00143976__2024-07-04T16_04_45-Measurement 2/Images,r14c19f09p01-ch1sk1fk1fl1.tiff,/mnt/data_nvme1/data/ALSF_pilot_data/SN0313537/BR00143976__2024-07-04T16_04_45-Measurement 2/Images,r14c19f09p01-ch5sk1fk1fl1.tiff,/mnt/data_nvme1/data/ALSF_pilot_data/SN0313537/BR00143976__2024-07-04T16_04_45-Measurement 2/Images,BR00143976,N19,9,0.134340301,5,19,9,1,0.000645814,-0.000645814,-6e-06,14,False,24,Assay_Plate1_platemap,U2-OS,N,19,8000,standard
99,r14c20f01p01-ch2sk1fk1fl1.tiff,/mnt/data_nvme1/data/ALSF_pilot_data/SN0313537/BR00143976__2024-07-04T16_04_45-Measurement 2/Images,r14c20f01p01-ch6sk1fk1fl1.tiff,/mnt/data_nvme1/data/ALSF_pilot_data/SN0313537/BR00143976__2024-07-04T16_04_45-Measurement 2/Images,r14c20f01p01-ch3sk1fk1fl1.tiff,/mnt/data_nvme1/data/ALSF_pilot_data/SN0313537/BR00143976__2024-07-04T16_04_45-Measurement 2/Images,r14c20f01p01-ch4sk1fk1fl1.tiff,/mnt/data_nvme1/data/ALSF_pilot_data/SN0313537/BR00143976__2024-07-04T16_04_45-Measurement 2/Images,r14c20f01p01-ch1sk1fk1fl1.tiff,/mnt/data_nvme1/data/ALSF_pilot_data/SN0313537/BR00143976__2024-07-04T16_04_45-Measurement 2/Images,r14c20f01p01-ch5sk1fk1fl1.tiff,/mnt/data_nvme1/data/ALSF_pilot_data/SN0313537/BR00143976__2024-07-04T16_04_45-Measurement 2/Images,BR00143976,N20,1,0.134343296,5,20,1,1,0.0,0.0,-6e-06,14,False,24,Assay_Plate1_platemap,U2-OS,N,20,8000,standard
100,r14c20f02p01-ch2sk1fk1fl1.tiff,/mnt/data_nvme1/data/ALSF_pilot_data/SN0313537/BR00143976__2024-07-04T16_04_45-Measurement 2/Images,r14c20f02p01-ch6sk1fk1fl1.tiff,/mnt/data_nvme1/data/ALSF_pilot_data/SN0313537/BR00143976__2024-07-04T16_04_45-Measurement 2/Images,r14c20f02p01-ch3sk1fk1fl1.tiff,/mnt/data_nvme1/data/ALSF_pilot_data/SN0313537/BR00143976__2024-07-04T16_04_45-Measurement 2/Images,r14c20f02p01-ch4sk1fk1fl1.tiff,/mnt/data_nvme1/data/ALSF_pilot_data/SN0313537/BR00143976__2024-07-04T16_04_45-Measurement 2/Images,r14c20f02p01-ch1sk1fk1fl1.tiff,/mnt/data_nvme1/data/ALSF_pilot_data/SN0313537/BR00143976__2024-07-04T16_04_45-Measurement 2/Images,r14c20f02p01-ch5sk1fk1fl1.tiff,/mnt/data_nvme1/data/ALSF_pilot_data/SN0313537/BR00143976__2024-07-04T16_04_45-Measurement 2/Images,BR00143976,N20,2,0.134338498,5,20,2,1,-0.000645814,0.000645814,-6e-06,14,False,24,Assay_Plate1_platemap,U2-OS,N,20,8000,standard
101,r14c20f03p01-ch2sk1fk1fl1.tiff,/mnt/data_nvme1/data/ALSF_pilot_data/SN0313537/BR00143976__2024-07-04T16_04_45-Measurement 2/Images,r14c20f03p01-ch6sk1fk1fl1.tiff,/mnt/data_nvme1/data/ALSF_pilot_data/SN0313537/BR00143976__2024-07-04T16_04_45-Measurement 2/Images,r14c20f03p01-ch3sk1fk1fl1.tiff,/mnt/data_nvme1/data/ALSF_pilot_data/SN0313537/BR00143976__2024-07-04T16_04_45-Measurement 2/Images,r14c20f03p01-ch4sk1fk1fl1.tiff,/mnt/data_nvme1/data/ALSF_pilot_data/SN0313537/BR00143976__2024-07-04T16_04_45-Measurement 2/Images,r14c20f03p01-ch1sk1fk1fl1.tiff,/mnt/data_nvme1/data/ALSF_pilot_data/SN0313537/BR00143976__2024-07-04T16_04_45-Measurement 2/Images,r14c20f03p01-ch5sk1fk1fl1.tiff,/mnt/data_nvme1/data/ALSF_pilot_data/SN0313537/BR00143976__2024-07-04T16_04_45-Measurement 2/Images,BR00143976,N20,3,0.134339005,5,20,3,1,0.0,0.000645814,-6e-06,14,False,24,Assay_Plate1_platemap,U2-OS,N,20,8000,standard
102,r14c20f04p01-ch2sk1fk1fl1.tiff,/mnt/data_nvme1/data/ALSF_pilot_data/SN0313537/BR00143976__2024-07-04T16_04_45-Measurement 2/Images,r14c20f04p01-ch6sk1fk1fl1.tiff,/mnt/data_nvme1/data/ALSF_pilot_data/SN0313537/BR00143976__2024-07-04T16_04_45-Measurement 2/Images,r14c20f04p01-ch3sk1fk1fl1.tiff,/mnt/data_nvme1/data/ALSF_pilot_data/SN0313537/BR00143976__2024-07-04T16_04_45-Measurement 2/Images,r14c20f04p01-ch4sk1fk1fl1.tiff,/mnt/data_nvme1/data/ALSF_pilot_data/SN0313537/BR00143976__2024-07-04T16_04_45-Measurement 2/Images,r14c20f04p01-ch1sk1fk1fl1.tiff,/mnt/data_nvme1/data/ALSF_pilot_data/SN0313537/BR00143976__2024-07-04T16_04_45-Measurement 2/Images,r14c20f04p01-ch5sk1fk1fl1.tiff,/mnt/data_nvme1/data/ALSF_pilot_data/SN0313537/BR00143976__2024-07-04T16_04_45-Measurement 2/Images,BR00143976,N20,4,0.134340405,5,20,4,1,0.000645814,0.000645814,-6e-06,14,False,24,Assay_Plate1_platemap,U2-OS,N,20,8000,standard
103,r14c20f05p01-ch2sk1fk1fl1.tiff,/mnt/data_nvme1/data/ALSF_pilot_data/SN0313537/BR00143976__2024-07-04T16_04_45-Measurement 2/Images,r14c20f05p01-ch6sk1fk1fl1.tiff,/mnt/data_nvme1/data/ALSF_pilot_data/SN0313537/BR00143976__2024-07-04T16_04_45-Measurement 2/Images,r14c20f05p01-ch3sk1fk1fl1.tiff,/mnt/data_nvme1/data/ALSF_pilot_data/SN0313537/BR00143976__2024-07-04T16_04_45-Measurement 2/Images,r14c20f05p01-ch4sk1fk1fl1.tiff,/mnt/data_nvme1/data/ALSF_pilot_data/SN0313537/BR00143976__2024-07-04T16_04_45-Measurement 2/Images,r14c20f05p01-ch1sk1fk1fl1.tiff,/mnt/data_nvme1/data/ALSF_pilot_data/SN0313537/BR00143976__2024-07-04T16_04_45-Measurement 2/Images,r14c20f05p01-ch5sk1fk1fl1.tiff,/mnt/data_nvme1/data/ALSF_pilot_data/SN0313537/BR00143976__2024-07-04T16_04_45-Measurement 2/Images,BR00143976,N20,5,0.134343103,5,20,5,1,0.000645814,0.0,-6e-06,14,False,24,Assay_Plate1_platemap,U2-OS,N,20,8000,standard
104,r14c20f06p01-ch2sk1fk1fl1.tiff,/mnt/data_nvme1/data/ALSF_pilot_data/SN0313537/BR00143976__2024-07-04T16_04_45-Measurement 2/Images,r14c20f06p01-ch6sk1fk1fl1.tiff,/mnt/data_nvme1/data/ALSF_pilot_data/SN0313537/BR00143976__2024-07-04T16_04_45-Measurement 2/Images,r14c20f06p01-ch3sk1fk1fl1.tiff,/mnt/data_nvme1/data/ALSF_pilot_data/SN0313537/BR00143976__2024-07-04T16_04_45-Measurement 2/Images,r14c20f06p01-ch4sk1fk1fl1.tiff,/mnt/data_nvme1/data/ALSF_pilot_data/SN0313537/BR00143976__2024-07-04T16_04_45-Measurement 2/Images,r14c20f06p01-ch1sk1fk1fl1.tiff,/mnt/data_nvme1/data/ALSF_pilot_data/SN0313537/BR00143976__2024-07-04T16_04_45-Measurement 2/Images,r14c20f06p01-ch5sk1fk1fl1.tiff,/mnt/data_nvme1/data/ALSF_pilot_data/SN0313537/BR00143976__2024-07-04T16_04_45-Measurement 2/Images,BR00143976,N20,6,0.134341404,5,20,6,1,-0.000645814,0.0,-6e-06,14,False,24,Assay_Plate1_platemap,U2-OS,N,20,8000,standard
105,r14c20f07p01-ch2sk1fk1fl1.tiff,/mnt/data_nvme1/data/ALSF_pilot_data/SN0313537/BR00143976__2024-07-04T16_04_45-Measurement 2/Images,r14c20f07p01-ch6sk1fk1fl1.tiff,/mnt/data_nvme1/data/ALSF_pilot_data/SN0313537/BR00143976__2024-07-04T16_04_45-Measurement 2/Images,r14c20f07p01-ch3sk1fk1fl1.tiff,/mnt/data_nvme1/data/ALSF_pilot_data/SN0313537/BR00143976__2024-07-04T16_04_45-Measurement 2/Images,r14c20f07p01-ch4sk1fk1fl1.tiff,/mnt/data_nvme1/data/ALSF_pilot_data/SN0313537/BR00143976__2024-07-04T16_04_45-Measurement 2/Images,r14c20f07p01-ch1sk1fk1fl1.tiff,/mnt/data_nvme1/data/ALSF_pilot_data/SN0313537/BR00143976__2024-07-04T16_04_45-Measurement 2/Images,r14c20f07p01-ch5sk1fk1fl1.tiff,/mnt/data_nvme1/data/ALSF_pilot_data/SN0313537/BR00143976__2024-07-04T16_04_45-Measurement 2/Images,BR00143976,N20,7,0.134342402,5,20,7,1,-0.000645814,-0.000645814,-6e-06,14,False,24,Assay_Plate1_platemap,U2-OS,N,20,8000,standard
106,r14c20f08p01-ch2sk1fk1fl1.tiff,/mnt/data_nvme1/data/ALSF_pilot_data/SN0313537/BR00143976__2024-07-04T16_04_45-Measurement 2/Images,r14c20f08p01-ch6sk1fk1fl1.tiff,/mnt/data_nvme1/data/ALSF_pilot_data/SN0313537/BR00143976__2024-07-04T16_04_45-Measurement 2/Images,r14c20f08p01-ch3sk1fk1fl1.tiff,/mnt/data_nvme1/data/ALSF_pilot_data/SN0313537/BR00143976__2024-07-04T16_04_45-Measurement 2/Images,r14c20f08p01-ch4sk1fk1fl1.tiff,/mnt/data_nvme1/data/ALSF_pilot_data/SN0313537/BR00143976__2024-07-04T16_04_45-Measurement 2/Images,r14c20f08p01-ch1sk1fk1fl1.tiff,/mnt/data_nvme1/data/ALSF_pilot_data/SN0313537/BR00143976__2024-07-04T16_04_45-Measurement 2/Images,r14c20f08p01-ch5sk1fk1fl1.tiff,/mnt/data_nvme1/data/ALSF_pilot_data/SN0313537/BR00143976__2024-07-04T16_04_45-Measurement 2/Images,BR00143976,N20,8,0.134343505,5,20,8,1,0.0,-0.000645814,-6e-06,14,False,24,Assay_Plate1_platemap,U2-OS,N,20,8000,standard
107,r14c20f09p01-ch2sk1fk1fl1.tiff,/mnt/data_nvme1/data/ALSF_pilot_data/SN0313537/BR00143976__2024-07-04T16_04_45-Measurement 2/Images,r14c20f09p01-ch6sk1fk1fl1.tiff,/mnt/data_nvme1/data/ALSF_pilot_data/SN0313537/BR00143976__2024-07-04T16_04_45-Measurement 2/Images,r14c20f09p01-ch3sk1fk1fl1.tiff,/mnt/data_nvme1/data/ALSF_pilot_data/SN0313537/BR00143976__2024-07-04T16_04_45-Measurement 2/Images,r14c20f09p01-ch4sk1fk1fl1.tiff,/mnt/data_nvme1/data/ALSF_pilot_data/SN0313537/BR00143976__2024-07-04T16_04_45-Measurement 2/Images,r14c20f09p01-ch1sk1fk1fl1.tiff,/mnt/data_nvme1/data/ALSF_pilot_data/SN0313537/BR00143976__2024-07-04T16_04_45-Measurement 2/Images,r14c20f09p01-ch5sk1fk1fl1.tiff,/mnt/data_nvme1/data/ALSF_pilot_data/SN0313537/BR00143976__2024-07-04T16_04_45-Measurement 2/Images,BR00143976,N20,9,0.134343997,5,20,9,1,0.000645814,-0.000645814,-6e-06,14,False,24,Assay_Plate1_platemap,U2-OS,N,20,8000,standard
108,r13c21f01p01-ch2sk1fk1fl1.tiff,/mnt/data_nvme1/data/ALSF_pilot_data/SN0313537/BR00143976__2024-07-04T16_04_45-Measurement 2/Images,r13c21f01p01-ch6sk1fk1fl1.tiff,/mnt/data_nvme1/data/ALSF_pilot_data/SN0313537/BR00143976__2024-07-04T16_04_45-Measurement 2/Images,r13c21f01p01-ch3sk1fk1fl1.tiff,/mnt/data_nvme1/data/ALSF_pilot_data/SN0313537/BR00143976__2024-07-04T16_04_45-Measurement 2/Images,r13c21f01p01-ch4sk1fk1fl1.tiff,/mnt/data_nvme1/data/ALSF_pilot_data/SN0313537/BR00143976__2024-07-04T16_04_45-Measurement 2/Images,r13c21f01p01-ch1sk1fk1fl1.tiff,/mnt/data_nvme1/data/ALSF_pilot_data/SN0313537/BR00143976__2024-07-04T16_04_45-Measurement 2/Images,r13c21f01p01-ch5sk1fk1fl1.tiff,/mnt/data_nvme1/data/ALSF_pilot_data/SN0313537/BR00143976__2024-07-04T16_04_45-Measurement 2/Images,BR00143976,M21,1,0.134344503,5,21,1,1,0.0,0.0,-6e-06,13,False,24,Assay_Plate1_platemap,U2-OS,M,21,12000,standard
109,r13c21f02p01-ch2sk1fk1fl1.tiff,/mnt/data_nvme1/data/ALSF_pilot_data/SN0313537/BR00143976__2024-07-04T16_04_45-Measurement 2/Images,r13c21f02p01-ch6sk1fk1fl1.tiff,/mnt/data_nvme1/data/ALSF_pilot_data/SN0313537/BR00143976__2024-07-04T16_04_45-Measurement 2/Images,r13c21f02p01-ch3sk1fk1fl1.tiff,/mnt/data_nvme1/data/ALSF_pilot_data/SN0313537/BR00143976__2024-07-04T16_04_45-Measurement 2/Images,r13c21f02p01-ch4sk1fk1fl1.tiff,/mnt/data_nvme1/data/ALSF_pilot_data/SN0313537/BR00143976__2024-07-04T16_04_45-Measurement 2/Images,r13c21f02p01-ch1sk1fk1fl1.tiff,/mnt/data_nvme1/data/ALSF_pilot_data/SN0313537/BR00143976__2024-07-04T16_04_45-Measurement 2/Images,r13c21f02p01-ch5sk1fk1fl1.tiff,/mnt/data_nvme1/data/ALSF_pilot_data/SN0313537/BR00143976__2024-07-04T16_04_45-Measurement 2/Images,BR00143976,M21,2,0.134340897,5,21,2,1,-0.000645814,0.000645814,-6e-06,13,False,24,Assay_Plate1_platemap,U2-OS,M,21,12000,standard
110,r13c21f03p01-ch2sk1fk1fl1.tiff,/mnt/data_nvme1/data/ALSF_pilot_data/SN0313537/BR00143976__2024-07-04T16_04_45-Measurement 2/Images,r13c21f03p01-ch6sk1fk1fl1.tiff,/mnt/data_nvme1/data/ALSF_pilot_data/SN0313537/BR00143976__2024-07-04T16_04_45-Measurement 2/Images,r13c21f03p01-ch3sk1fk1fl1.tiff,/mnt/data_nvme1/data/ALSF_pilot_data/SN0313537/BR00143976__2024-07-04T16_04_45-Measurement 2/Images,r13c21f03p01-ch4sk1fk1fl1.tiff,/mnt/data_nvme1/data/ALSF_pilot_data/SN0313537/BR00143976__2024-07-04T16_04_45-Measurement 2/Images,r13c21f03p01-ch1sk1fk1fl1.tiff,/mnt/data_nvme1/data/ALSF_pilot_data/SN0313537/BR00143976__2024-07-04T16_04_45-Measurement 2/Images,r13c21f03p01-ch5sk1fk1fl1.tiff,/mnt/data_nvme1/data/ALSF_pilot_data/SN0313537/BR00143976__2024-07-04T16_04_45-Measurement 2/Images,BR00143976,M21,3,0.134341896,5,21,3,1,0.0,0.000645814,-6e-06,13,False,24,Assay_Plate1_platemap,U2-OS,M,21,12000,standard
111,r13c21f04p01-ch2sk1fk1fl1.tiff,/mnt/data_nvme1/data/ALSF_pilot_data/SN0313537/BR00143976__2024-07-04T16_04_45-Measurement 2/Images,r13c21f04p01-ch6sk1fk1fl1.tiff,/mnt/data_nvme1/data/ALSF_pilot_data/SN0313537/BR00143976__2024-07-04T16_04_45-Measurement 2/Images,r13c21f04p01-ch3sk1fk1fl1.tiff,/mnt/data_nvme1/data/ALSF_pilot_data/SN0313537/BR00143976__2024-07-04T16_04_45-Measurement 2/Images,r13c21f04p01-ch4sk1fk1fl1.tiff,/mnt/data_nvme1/data/ALSF_pilot_data/SN0313537/BR00143976__2024-07-04T16_04_45-Measurement 2/Images,r13c21f04p01-ch1sk1fk1fl1.tiff,/mnt/data_nvme1/data/ALSF_pilot_data/SN0313537/BR00143976__2024-07-04T16_04_45-Measurement 2/Images,r13c21f04p01-ch5sk1fk1fl1.tiff,/mnt/data_nvme1/data/ALSF_pilot_data/SN0313537/BR00143976__2024-07-04T16_04_45-Measurement 2/Images,BR00143976,M21,4,0.134343207,5,21,4,1,0.000645814,0.000645814,-6e-06,13,False,24,Assay_Plate1_platemap,U2-OS,M,21,12000,standard
112,r13c21f05p01-ch2sk1fk1fl1.tiff,/mnt/data_nvme1/data/ALSF_pilot_data/SN0313537/BR00143976__2024-07-04T16_04_45-Measurement 2/Images,r13c21f05p01-ch6sk1fk1fl1.tiff,/mnt/data_nvme1/data/ALSF_pilot_data/SN0313537/BR00143976__2024-07-04T16_04_45-Measurement 2/Images,r13c21f05p01-ch3sk1fk1fl1.tiff,/mnt/data_nvme1/data/ALSF_pilot_data/SN0313537/BR00143976__2024-07-04T16_04_45-Measurement 2/Images,r13c21f05p01-ch4sk1fk1fl1.tiff,/mnt/data_nvme1/data/ALSF_pilot_data/SN0313537/BR00143976__2024-07-04T16_04_45-Measurement 2/Images,r13c21f05p01-ch1sk1fk1fl1.tiff,/mnt/data_nvme1/data/ALSF_pilot_data/SN0313537/BR00143976__2024-07-04T16_04_45-Measurement 2/Images,r13c21f05p01-ch5sk1fk1fl1.tiff,/mnt/data_nvme1/data/ALSF_pilot_data/SN0313537/BR00143976__2024-07-04T16_04_45-Measurement 2/Images,BR00143976,M21,5,0.134345993,5,21,5,1,0.000645814,0.0,-6e-06,13,False,24,Assay_Plate1_platemap,U2-OS,M,21,12000,standard
113,r13c21f06p01-ch2sk1fk1fl1.tiff,/mnt/data_nvme1/data/ALSF_pilot_data/SN0313537/BR00143976__2024-07-04T16_04_45-Measurement 2/Images,r13c21f06p01-ch6sk1fk1fl1.tiff,/mnt/data_nvme1/data/ALSF_pilot_data/SN0313537/BR00143976__2024-07-04T16_04_45-Measurement 2/Images,r13c21f06p01-ch3sk1fk1fl1.tiff,/mnt/data_nvme1/data/ALSF_pilot_data/SN0313537/BR00143976__2024-07-04T16_04_45-Measurement 2/Images,r13c21f06p01-ch4sk1fk1fl1.tiff,/mnt/data_nvme1/data/ALSF_pilot_data/SN0313537/BR00143976__2024-07-04T16_04_45-Measurement 2/Images,r13c21f06p01-ch1sk1fk1fl1.tiff,/mnt/data_nvme1/data/ALSF_pilot_data/SN0313537/BR00143976__2024-07-04T16_04_45-Measurement 2/Images,r13c21f06p01-ch5sk1fk1fl1.tiff,/mnt/data_nvme1/data/ALSF_pilot_data/SN0313537/BR00143976__2024-07-04T16_04_45-Measurement 2/Images,BR00143976,M21,6,0.134342402,5,21,6,1,-0.000645814,0.0,-6e-06,13,False,24,Assay_Plate1_platemap,U2-OS,M,21,12000,standard
114,r13c21f07p01-ch2sk1fk1fl1.tiff,/mnt/data_nvme1/data/ALSF_pilot_data/SN0313537/BR00143976__2024-07-04T16_04_45-Measurement 2/Images,r13c21f07p01-ch6sk1fk1fl1.tiff,/mnt/data_nvme1/data/ALSF_pilot_data/SN0313537/BR00143976__2024-07-04T16_04_45-Measurement 2/Images,r13c21f07p01-ch3sk1fk1fl1.tiff,/mnt/data_nvme1/data/ALSF_pilot_data/SN0313537/BR00143976__2024-07-04T16_04_45-Measurement 2/Images,r13c21f07p01-ch4sk1fk1fl1.tiff,/mnt/data_nvme1/data/ALSF_pilot_data/SN0313537/BR00143976__2024-07-04T16_04_45-Measurement 2/Images,r13c21f07p01-ch1sk1fk1fl1.tiff,/mnt/data_nvme1/data/ALSF_pilot_data/SN0313537/BR00143976__2024-07-04T16_04_45-Measurement 2/Images,r13c21f07p01-ch5sk1fk1fl1.tiff,/mnt/data_nvme1/data/ALSF_pilot_data/SN0313537/BR00143976__2024-07-04T16_04_45-Measurement 2/Images,BR00143976,M21,7,0.134342402,5,21,7,1,-0.000645814,-0.000645814,-6e-06,13,False,24,Assay_Plate1_platemap,U2-OS,M,21,12000,standard
115,r13c21f08p01-ch2sk1fk1fl1.tiff,/mnt/data_nvme1/data/ALSF_pilot_data/SN0313537/BR00143976__2024-07-04T16_04_45-Measurement 2/Images,r13c21f08p01-ch6sk1fk1fl1.tiff,/mnt/data_nvme1/data/ALSF_pilot_data/SN0313537/BR00143976__2024-07-04T16_04_45-Measurement 2/Images,r13c21f08p01-ch3sk1fk1fl1.tiff,/mnt/data_nvme1/data/ALSF_pilot_data/SN0313537/BR00143976__2024-07-04T16_04_45-Measurement 2/Images,r13c21f08p01-ch4sk1fk1fl1.tiff,/mnt/data_nvme1/data/ALSF_pilot_data/SN0313537/BR00143976__2024-07-04T16_04_45-Measurement 2/Images,r13c21f08p01-ch1sk1fk1fl1.tiff,/mnt/data_nvme1/data/ALSF_pilot_data/SN0313537/BR00143976__2024-07-04T16_04_45-Measurement 2/Images,r13c21f08p01-ch5sk1fk1fl1.tiff,/mnt/data_nvme1/data/ALSF_pilot_data/SN0313537/BR00143976__2024-07-04T16_04_45-Measurement 2/Images,BR00143976,M21,8,0.134344295,5,21,8,1,0.0,-0.000645814,-6e-06,13,False,24,Assay_Plate1_platemap,U2-OS,M,21,12000,standard
116,r13c21f09p01-ch2sk1fk1fl1.tiff,/mnt/data_nvme1/data/ALSF_pilot_data/SN0313537/BR00143976__2024-07-04T16_04_45-Measurement 2/Images,r13c21f09p01-ch6sk1fk1fl1.tiff,/mnt/data_nvme1/data/ALSF_pilot_data/SN0313537/BR00143976__2024-07-04T16_04_45-Measurement 2/Images,r13c21f09p01-ch3sk1fk1fl1.tiff,/mnt/data_nvme1/data/ALSF_pilot_data/SN0313537/BR00143976__2024-07-04T16_04_45-Measurement 2/Images,r13c21f09p01-ch4sk1fk1fl1.tiff,/mnt/data_nvme1/data/ALSF_pilot_data/SN0313537/BR00143976__2024-07-04T16_04_45-Measurement 2/Images,r13c21f09p01-ch1sk1fk1fl1.tiff,/mnt/data_nvme1/data/ALSF_pilot_data/SN0313537/BR00143976__2024-07-04T16_04_45-Measurement 2/Images,r13c21f09p01-ch5sk1fk1fl1.tiff,/mnt/data_nvme1/data/ALSF_pilot_data/SN0313537/BR00143976__2024-07-04T16_04_45-Measurement 2/Images,BR00143976,M21,9,0.1343458,5,21,9,1,0.000645814,-0.000645814,-6e-06,13,False,24,Assay_Plate1_platemap,U2-OS,M,21,12000,standard
117,r14c21f01p01-ch2sk1fk1fl1.tiff,/mnt/data_nvme1/data/ALSF_pilot_data/SN0313537/BR00143976__2024-07-04T16_04_45-Measurement 2/Images,r14c21f01p01-ch6sk1fk1fl1.tiff,/mnt/data_nvme1/data/ALSF_pilot_data/SN0313537/BR00143976__2024-07-04T16_04_45-Measurement 2/Images,r14c21f01p01-ch3sk1fk1fl1.tiff,/mnt/data_nvme1/data/ALSF_pilot_data/SN0313537/BR00143976__2024-07-04T16_04_45-Measurement 2/Images,r14c21f01p01-ch4sk1fk1fl1.tiff,/mnt/data_nvme1/data/ALSF_pilot_data/SN0313537/BR00143976__2024-07-04T16_04_45-Measurement 2/Images,r14c21f01p01-ch1sk1fk1fl1.tiff,/mnt/data_nvme1/data/ALSF_pilot_data/SN0313537/BR00143976__2024-07-04T16_04_45-Measurement 2/Images,r14c21f01p01-ch5sk1fk1fl1.tiff,/mnt/data_nvme1/data/ALSF_pilot_data/SN0313537/BR00143976__2024-07-04T16_04_45-Measurement 2/Images,BR00143976,N21,1,0.134350196,5,21,1,1,0.0,0.0,-6e-06,14,False,24,Assay_Plate1_platemap,U2-OS,N,21,12000,standard
118,r14c21f02p01-ch2sk1fk1fl1.tiff,/mnt/data_nvme1/data/ALSF_pilot_data/SN0313537/BR00143976__2024-07-04T16_04_45-Measurement 2/Images,r14c21f02p01-ch6sk1fk1fl1.tiff,/mnt/data_nvme1/data/ALSF_pilot_data/SN0313537/BR00143976__2024-07-04T16_04_45-Measurement 2/Images,r14c21f02p01-ch3sk1fk1fl1.tiff,/mnt/data_nvme1/data/ALSF_pilot_data/SN0313537/BR00143976__2024-07-04T16_04_45-Measurement 2/Images,r14c21f02p01-ch4sk1fk1fl1.tiff,/mnt/data_nvme1/data/ALSF_pilot_data/SN0313537/BR00143976__2024-07-04T16_04_45-Measurement 2/Images,r14c21f02p01-ch1sk1fk1fl1.tiff,/mnt/data_nvme1/data/ALSF_pilot_data/SN0313537/BR00143976__2024-07-04T16_04_45-Measurement 2/Images,r14c21f02p01-ch5sk1fk1fl1.tiff,/mnt/data_nvme1/data/ALSF_pilot_data/SN0313537/BR00143976__2024-07-04T16_04_45-Measurement 2/Images,BR00143976,N21,2,0.134347007,5,21,2,1,-0.000645814,0.000645814,-6e-06,14,False,24,Assay_Plate1_platemap,U2-OS,N,21,12000,standard
119,r14c21f03p01-ch2sk1fk1fl1.tiff,/mnt/data_nvme1/data/ALSF_pilot_data/SN0313537/BR00143976__2024-07-04T16_04_45-Measurement 2/Images,r14c21f03p01-ch6sk1fk1fl1.tiff,/mnt/data_nvme1/data/ALSF_pilot_data/SN0313537/BR00143976__2024-07-04T16_04_45-Measurement 2/Images,r14c21f03p01-ch3sk1fk1fl1.tiff,/mnt/data_nvme1/data/ALSF_pilot_data/SN0313537/BR00143976__2024-07-04T16_04_45-Measurement 2/Images,r14c21f03p01-ch4sk1fk1fl1.tiff,/mnt/data_nvme1/data/ALSF_pilot_data/SN0313537/BR00143976__2024-07-04T16_04_45-Measurement 2/Images,r14c21f03p01-ch1sk1fk1fl1.tiff,/mnt/data_nvme1/data/ALSF_pilot_data/SN0313537/BR00143976__2024-07-04T16_04_45-Measurement 2/Images,r14c21f03p01-ch5sk1fk1fl1.tiff,/mnt/data_nvme1/data/ALSF_pilot_data/SN0313537/BR00143976__2024-07-04T16_04_45-Measurement 2/Images,BR00143976,N21,3,0.134347096,5,21,3,1,0.0,0.000645814,-6e-06,14,False,24,Assay_Plate1_platemap,U2-OS,N,21,12000,standard
120,r14c21f04p01-ch2sk1fk1fl1.tiff,/mnt/data_nvme1/data/ALSF_pilot_data/SN0313537/BR00143976__2024-07-04T16_04_45-Measurement 2/Images,r14c21f04p01-ch6sk1fk1fl1.tiff,/mnt/data_nvme1/data/ALSF_pilot_data/SN0313537/BR00143976__2024-07-04T16_04_45-Measurement 2/Images,r14c21f04p01-ch3sk1fk1fl1.tiff,/mnt/data_nvme1/data/ALSF_pilot_data/SN0313537/BR00143976__2024-07-04T16_04_45-Measurement 2/Images,r14c21f04p01-ch4sk1fk1fl1.tiff,/mnt/data_nvme1/data/ALSF_pilot_data/SN0313537/BR00143976__2024-07-04T16_04_45-Measurement 2/Images,r14c21f04p01-ch1sk1fk1fl1.tiff,/mnt/data_nvme1/data/ALSF_pilot_data/SN0313537/BR00143976__2024-07-04T16_04_45-Measurement 2/Images,r14c21f04p01-ch5sk1fk1fl1.tiff,/mnt/data_nvme1/data/ALSF_pilot_data/SN0313537/BR00143976__2024-07-04T16_04_45-Measurement 2/Images,BR00143976,N21,4,0.134348303,5,21,4,1,0.000645814,0.000645814,-6e-06,14,False,24,Assay_Plate1_platemap,U2-OS,N,21,12000,standard
121,r14c21f05p01-ch2sk1fk1fl1.tiff,/mnt/data_nvme1/data/ALSF_pilot_data/SN0313537/BR00143976__2024-07-04T16_04_45-Measurement 2/Images,r14c21f05p01-ch6sk1fk1fl1.tiff,/mnt/data_nvme1/data/ALSF_pilot_data/SN0313537/BR00143976__2024-07-04T16_04_45-Measurement 2/Images,r14c21f05p01-ch3sk1fk1fl1.tiff,/mnt/data_nvme1/data/ALSF_pilot_data/SN0313537/BR00143976__2024-07-04T16_04_45-Measurement 2/Images,r14c21f05p01-ch4sk1fk1fl1.tiff,/mnt/data_nvme1/data/ALSF_pilot_data/SN0313537/BR00143976__2024-07-04T16_04_45-Measurement 2/Images,r14c21f05p01-ch1sk1fk1fl1.tiff,/mnt/data_nvme1/data/ALSF_pilot_data/SN0313537/BR00143976__2024-07-04T16_04_45-Measurement 2/Images,r14c21f05p01-ch5sk1fk1fl1.tiff,/mnt/data_nvme1/data/ALSF_pilot_data/SN0313537/BR00143976__2024-07-04T16_04_45-Measurement 2/Images,BR00143976,N21,5,0.134351403,5,21,5,1,0.000645814,0.0,-6e-06,14,False,24,Assay_Plate1_platemap,U2-OS,N,21,12000,standard
122,r14c21f06p01-ch2sk1fk1fl1.tiff,/mnt/data_nvme1/data/ALSF_pilot_data/SN0313537/BR00143976__2024-07-04T16_04_45-Measurement 2/Images,r14c21f06p01-ch6sk1fk1fl1.tiff,/mnt/data_nvme1/data/ALSF_pilot_data/SN0313537/BR00143976__2024-07-04T16_04_45-Measurement 2/Images,r14c21f06p01-ch3sk1fk1fl1.tiff,/mnt/data_nvme1/data/ALSF_pilot_data/SN0313537/BR00143976__2024-07-04T16_04_45-Measurement 2/Images,r14c21f06p01-ch4sk1fk1fl1.tiff,/mnt/data_nvme1/data/ALSF_pilot_data/SN0313537/BR00143976__2024-07-04T16_04_45-Measurement 2/Images,r14c21f06p01-ch1sk1fk1fl1.tiff,/mnt/data_nvme1/data/ALSF_pilot_data/SN0313537/BR00143976__2024-07-04T16_04_45-Measurement 2/Images,r14c21f06p01-ch5sk1fk1fl1.tiff,/mnt/data_nvme1/data/ALSF_pilot_data/SN0313537/BR00143976__2024-07-04T16_04_45-Measurement 2/Images,BR00143976,N21,6,0.134347498,5,21,6,1,-0.000645814,0.0,-6e-06,14,False,24,Assay_Plate1_platemap,U2-OS,N,21,12000,standard
123,r14c21f07p01-ch2sk1fk1fl1.tiff,/mnt/data_nvme1/data/ALSF_pilot_data/SN0313537/BR00143976__2024-07-04T16_04_45-Measurement 2/Images,r14c21f07p01-ch6sk1fk1fl1.tiff,/mnt/data_nvme1/data/ALSF_pilot_data/SN0313537/BR00143976__2024-07-04T16_04_45-Measurement 2/Images,r14c21f07p01-ch3sk1fk1fl1.tiff,/mnt/data_nvme1/data/ALSF_pilot_data/SN0313537/BR00143976__2024-07-04T16_04_45-Measurement 2/Images,r14c21f07p01-ch4sk1fk1fl1.tiff,/mnt/data_nvme1/data/ALSF_pilot_data/SN0313537/BR00143976__2024-07-04T16_04_45-Measurement 2/Images,r14c21f07p01-ch1sk1fk1fl1.tiff,/mnt/data_nvme1/data/ALSF_pilot_data/SN0313537/BR00143976__2024-07-04T16_04_45-Measurement 2/Images,r14c21f07p01-ch5sk1fk1fl1.tiff,/mnt/data_nvme1/data/ALSF_pilot_data/SN0313537/BR00143976__2024-07-04T16_04_45-Measurement 2/Images,BR00143976,N21,7,0.134349301,5,21,7,1,-0.000645814,-0.000645814,-6e-06,14,False,24,Assay_Plate1_platemap,U2-OS,N,21,12000,standard
124,r14c21f08p01-ch2sk1fk1fl1.tiff,/mnt/data_nvme1/data/ALSF_pilot_data/SN0313537/BR00143976__2024-07-04T16_04_45-Measurement 2/Images,r14c21f08p01-ch6sk1fk1fl1.tiff,/mnt/data_nvme1/data/ALSF_pilot_data/SN0313537/BR00143976__2024-07-04T16_04_45-Measurement 2/Images,r14c21f08p01-ch3sk1fk1fl1.tiff,/mnt/data_nvme1/data/ALSF_pilot_data/SN0313537/BR00143976__2024-07-04T16_04_45-Measurement 2/Images,r14c21f08p01-ch4sk1fk1fl1.tiff,/mnt/data_nvme1/data/ALSF_pilot_data/SN0313537/BR00143976__2024-07-04T16_04_45-Measurement 2/Images,r14c21f08p01-ch1sk1fk1fl1.tiff,/mnt/data_nvme1/data/ALSF_pilot_data/SN0313537/BR00143976__2024-07-04T16_04_45-Measurement 2/Images,r14c21f08p01-ch5sk1fk1fl1.tiff,/mnt/data_nvme1/data/ALSF_pilot_data/SN0313537/BR00143976__2024-07-04T16_04_45-Measurement 2/Images,BR00143976,N21,8,0.134351,5,21,8,1,0.0,-0.000645814,-6e-06,14,False,24,Assay_Plate1_platemap,U2-OS,N,21,12000,standard
125,r14c21f09p01-ch2sk1fk1fl1.tiff,/mnt/data_nvme1/data/ALSF_pilot_data/SN0313537/BR00143976__2024-07-04T16_04_45-Measurement 2/Images,r14c21f09p01-ch6sk1fk1fl1.tiff,/mnt/data_nvme1/data/ALSF_pilot_data/SN0313537/BR00143976__2024-07-04T16_04_45-Measurement 2/Images,r14c21f09p01-ch3sk1fk1fl1.tiff,/mnt/data_nvme1/data/ALSF_pilot_data/SN0313537/BR00143976__2024-07-04T16_04_45-Measurement 2/Images,r14c21f09p01-ch4sk1fk1fl1.tiff,/mnt/data_nvme1/data/ALSF_pilot_data/SN0313537/BR00143976__2024-07-04T16_04_45-Measurement 2/Images,r14c21f09p01-ch1sk1fk1fl1.tiff,/mnt/data_nvme1/data/ALSF_pilot_data/SN0313537/BR00143976__2024-07-04T16_04_45-Measurement 2/Images,r14c21f09p01-ch5sk1fk1fl1.tiff,/mnt/data_nvme1/data/ALSF_pilot_data/SN0313537/BR00143976__2024-07-04T16_04_45-Measurement 2/Images,BR00143976,N21,9,0.134352103,5,21,9,1,0.000645814,-0.000645814,-6e-06,14,False,24,Assay_Plate1_platemap,U2-OS,N,21,12000,standard
126,r14c22f01p01-ch2sk1fk1fl1.tiff,/mnt/data_nvme1/data/ALSF_pilot_data/SN0313537/BR00143976__2024-07-04T16_04_45-Measurement 2/Images,r14c22f01p01-ch6sk1fk1fl1.tiff,/mnt/data_nvme1/data/ALSF_pilot_data/SN0313537/BR00143976__2024-07-04T16_04_45-Measurement 2/Images,r14c22f01p01-ch3sk1fk1fl1.tiff,/mnt/data_nvme1/data/ALSF_pilot_data/SN0313537/BR00143976__2024-07-04T16_04_45-Measurement 2/Images,r14c22f01p01-ch4sk1fk1fl1.tiff,/mnt/data_nvme1/data/ALSF_pilot_data/SN0313537/BR00143976__2024-07-04T16_04_45-Measurement 2/Images,r14c22f01p01-ch1sk1fk1fl1.tiff,/mnt/data_nvme1/data/ALSF_pilot_data/SN0313537/BR00143976__2024-07-04T16_04_45-Measurement 2/Images,r14c22f01p01-ch5sk1fk1fl1.tiff,/mnt/data_nvme1/data/ALSF_pilot_data/SN0313537/BR00143976__2024-07-04T16_04_45-Measurement 2/Images,BR00143976,N22,1,0.134360105,5,22,1,1,0.0,0.0,-6e-06,14,False,24,Assay_Plate1_platemap,U2-OS,N,22,12000,standard
127,r14c22f02p01-ch2sk1fk1fl1.tiff,/mnt/data_nvme1/data/ALSF_pilot_data/SN0313537/BR00143976__2024-07-04T16_04_45-Measurement 2/Images,r14c22f02p01-ch6sk1fk1fl1.tiff,/mnt/data_nvme1/data/ALSF_pilot_data/SN0313537/BR00143976__2024-07-04T16_04_45-Measurement 2/Images,r14c22f02p01-ch3sk1fk1fl1.tiff,/mnt/data_nvme1/data/ALSF_pilot_data/SN0313537/BR00143976__2024-07-04T16_04_45-Measurement 2/Images,r14c22f02p01-ch4sk1fk1fl1.tiff,/mnt/data_nvme1/data/ALSF_pilot_data/SN0313537/BR00143976__2024-07-04T16_04_45-Measurement 2/Images,r14c22f02p01-ch1sk1fk1fl1.tiff,/mnt/data_nvme1/data/ALSF_pilot_data/SN0313537/BR00143976__2024-07-04T16_04_45-Measurement 2/Images,r14c22f02p01-ch5sk1fk1fl1.tiff,/mnt/data_nvme1/data/ALSF_pilot_data/SN0313537/BR00143976__2024-07-04T16_04_45-Measurement 2/Images,BR00143976,N22,2,0.134355098,5,22,2,1,-0.000645814,0.000645814,-6e-06,14,False,24,Assay_Plate1_platemap,U2-OS,N,22,12000,standard
128,r14c22f03p01-ch2sk1fk1fl1.tiff,/mnt/data_nvme1/data/ALSF_pilot_data/SN0313537/BR00143976__2024-07-04T16_04_45-Measurement 2/Images,r14c22f03p01-ch6sk1fk1fl1.tiff,/mnt/data_nvme1/data/ALSF_pilot_data/SN0313537/BR00143976__2024-07-04T16_04_45-Measurement 2/Images,r14c22f03p01-ch3sk1fk1fl1.tiff,/mnt/data_nvme1/data/ALSF_pilot_data/SN0313537/BR00143976__2024-07-04T16_04_45-Measurement 2/Images,r14c22f03p01-ch4sk1fk1fl1.tiff,/mnt/data_nvme1/data/ALSF_pilot_data/SN0313537/BR00143976__2024-07-04T16_04_45-Measurement 2/Images,r14c22f03p01-ch1sk1fk1fl1.tiff,/mnt/data_nvme1/data/ALSF_pilot_data/SN0313537/BR00143976__2024-07-04T16_04_45-Measurement 2/Images,r14c22f03p01-ch5sk1fk1fl1.tiff,/mnt/data_nvme1/data/ALSF_pilot_data/SN0313537/BR00143976__2024-07-04T16_04_45-Measurement 2/Images,BR00143976,N22,3,0.134358004,5,22,3,1,0.0,0.000645814,-6e-06,14,False,24,Assay_Plate1_platemap,U2-OS,N,22,12000,standard
129,r14c22f04p01-ch2sk1fk1fl1.tiff,/mnt/data_nvme1/data/ALSF_pilot_data/SN0313537/BR00143976__2024-07-04T16_04_45-Measurement 2/Images,r14c22f04p01-ch6sk1fk1fl1.tiff,/mnt/data_nvme1/data/ALSF_pilot_data/SN0313537/BR00143976__2024-07-04T16_04_45-Measurement 2/Images,r14c22f04p01-ch3sk1fk1fl1.tiff,/mnt/data_nvme1/data/ALSF_pilot_data/SN0313537/BR00143976__2024-07-04T16_04_45-Measurement 2/Images,r14c22f04p01-ch4sk1fk1fl1.tiff,/mnt/data_nvme1/data/ALSF_pilot_data/SN0313537/BR00143976__2024-07-04T16_04_45-Measurement 2/Images,r14c22f04p01-ch1sk1fk1fl1.tiff,/mnt/data_nvme1/data/ALSF_pilot_data/SN0313537/BR00143976__2024-07-04T16_04_45-Measurement 2/Images,r14c22f04p01-ch5sk1fk1fl1.tiff,/mnt/data_nvme1/data/ALSF_pilot_data/SN0313537/BR00143976__2024-07-04T16_04_45-Measurement 2/Images,BR00143976,N22,4,0.134359598,5,22,4,1,0.000645814,0.000645814,-6e-06,14,False,24,Assay_Plate1_platemap,U2-OS,N,22,12000,standard
130,r14c22f05p01-ch2sk1fk1fl1.tiff,/mnt/data_nvme1/data/ALSF_pilot_data/SN0313537/BR00143976__2024-07-04T16_04_45-Measurement 2/Images,r14c22f05p01-ch6sk1fk1fl1.tiff,/mnt/data_nvme1/data/ALSF_pilot_data/SN0313537/BR00143976__2024-07-04T16_04_45-Measurement 2/Images,r14c22f05p01-ch3sk1fk1fl1.tiff,/mnt/data_nvme1/data/ALSF_pilot_data/SN0313537/BR00143976__2024-07-04T16_04_45-Measurement 2/Images,r14c22f05p01-ch4sk1fk1fl1.tiff,/mnt/data_nvme1/data/ALSF_pilot_data/SN0313537/BR00143976__2024-07-04T16_04_45-Measurement 2/Images,r14c22f05p01-ch1sk1fk1fl1.tiff,/mnt/data_nvme1/data/ALSF_pilot_data/SN0313537/BR00143976__2024-07-04T16_04_45-Measurement 2/Images,r14c22f05p01-ch5sk1fk1fl1.tiff,/mnt/data_nvme1/data/ALSF_pilot_data/SN0313537/BR00143976__2024-07-04T16_04_45-Measurement 2/Images,BR00143976,N22,5,0.134361193,5,22,5,1,0.000645814,0.0,-6e-06,14,False,24,Assay_Plate1_platemap,U2-OS,N,22,12000,standard
131,r14c22f06p01-ch2sk1fk1fl1.tiff,/mnt/data_nvme1/data/ALSF_pilot_data/SN0313537/BR00143976__2024-07-04T16_04_45-Measurement 2/Images,r14c22f06p01-ch6sk1fk1fl1.tiff,/mnt/data_nvme1/data/ALSF_pilot_data/SN0313537/BR00143976__2024-07-04T16_04_45-Measurement 2/Images,r14c22f06p01-ch3sk1fk1fl1.tiff,/mnt/data_nvme1/data/ALSF_pilot_data/SN0313537/BR00143976__2024-07-04T16_04_45-Measurement 2/Images,r14c22f06p01-ch4sk1fk1fl1.tiff,/mnt/data_nvme1/data/ALSF_pilot_data/SN0313537/BR00143976__2024-07-04T16_04_45-Measurement 2/Images,r14c22f06p01-ch1sk1fk1fl1.tiff,/mnt/data_nvme1/data/ALSF_pilot_data/SN0313537/BR00143976__2024-07-04T16_04_45-Measurement 2/Images,r14c22f06p01-ch5sk1fk1fl1.tiff,/mnt/data_nvme1/data/ALSF_pilot_data/SN0313537/BR00143976__2024-07-04T16_04_45-Measurement 2/Images,BR00143976,N22,6,0.134356901,5,22,6,1,-0.000645814,0.0,-6e-06,14,False,24,Assay_Plate1_platemap,U2-OS,N,22,12000,standard
132,r14c22f07p01-ch2sk1fk1fl1.tiff,/mnt/data_nvme1/data/ALSF_pilot_data/SN0313537/BR00143976__2024-07-04T16_04_45-Measurement 2/Images,r14c22f07p01-ch6sk1fk1fl1.tiff,/mnt/data_nvme1/data/ALSF_pilot_data/SN0313537/BR00143976__2024-07-04T16_04_45-Measurement 2/Images,r14c22f07p01-ch3sk1fk1fl1.tiff,/mnt/data_nvme1/data/ALSF_pilot_data/SN0313537/BR00143976__2024-07-04T16_04_45-Measurement 2/Images,r14c22f07p01-ch4sk1fk1fl1.tiff,/mnt/data_nvme1/data/ALSF_pilot_data/SN0313537/BR00143976__2024-07-04T16_04_45-Measurement 2/Images,r14c22f07p01-ch1sk1fk1fl1.tiff,/mnt/data_nvme1/data/ALSF_pilot_data/SN0313537/BR00143976__2024-07-04T16_04_45-Measurement 2/Images,r14c22f07p01-ch5sk1fk1fl1.tiff,/mnt/data_nvme1/data/ALSF_pilot_data/SN0313537/BR00143976__2024-07-04T16_04_45-Measurement 2/Images,BR00143976,N22,7,0.134358302,5,22,7,1,-0.000645814,-0.000645814,-6e-06,14,False,24,Assay_Plate1_platemap,U2-OS,N,22,12000,standard
133,r14c22f08p01-ch2sk1fk1fl1.tiff,/mnt/data_nvme1/data/ALSF_pilot_data/SN0313537/BR00143976__2024-07-04T16_04_45-Measurement 2/Images,r14c22f08p01-ch6sk1fk1fl1.tiff,/mnt/data_nvme1/data/ALSF_pilot_data/SN0313537/BR00143976__2024-07-04T16_04_45-Measurement 2/Images,r14c22f08p01-ch3sk1fk1fl1.tiff,/mnt/data_nvme1/data/ALSF_pilot_data/SN0313537/BR00143976__2024-07-04T16_04_45-Measurement 2/Images,r14c22f08p01-ch4sk1fk1fl1.tiff,/mnt/data_nvme1/data/ALSF_pilot_data/SN0313537/BR00143976__2024-07-04T16_04_45-Measurement 2/Images,r14c22f08p01-ch1sk1fk1fl1.tiff,/mnt/data_nvme1/data/ALSF_pilot_data/SN0313537/BR00143976__2024-07-04T16_04_45-Measurement 2/Images,r14c22f08p01-ch5sk1fk1fl1.tiff,/mnt/data_nvme1/data/ALSF_pilot_data/SN0313537/BR00143976__2024-07-04T16_04_45-Measurement 2/Images,BR00143976,N22,8,0.134361103,5,22,8,1,0.0,-0.000645814,-6e-06,14,False,24,Assay_Plate1_platemap,U2-OS,N,22,12000,standard
134,r14c22f09p01-ch2sk1fk1fl1.tiff,/mnt/data_nvme1/data/ALSF_pilot_data/SN0313537/BR00143976__2024-07-04T16_04_45-Measurement 2/Images,r14c22f09p01-ch6sk1fk1fl1.tiff,/mnt/data_nvme1/data/ALSF_pilot_data/SN0313537/BR00143976__2024-07-04T16_04_45-Measurement 2/Images,r14c22f09p01-ch3sk1fk1fl1.tiff,/mnt/data_nvme1/data/ALSF_pilot_data/SN0313537/BR00143976__2024-07-04T16_04_45-Measurement 2/Images,r14c22f09p01-ch4sk1fk1fl1.tiff,/mnt/data_nvme1/data/ALSF_pilot_data/SN0313537/BR00143976__2024-07-04T16_04_45-Measurement 2/Images,r14c22f09p01-ch1sk1fk1fl1.tiff,/mnt/data_nvme1/data/ALSF_pilot_data/SN0313537/BR00143976__2024-07-04T16_04_45-Measurement 2/Images,r14c22f09p01-ch5sk1fk1fl1.tiff,/mnt/data_nvme1/data/ALSF_pilot_data/SN0313537/BR00143976__2024-07-04T16_04_45-Measurement 2/Images,BR00143976,N22,9,0.134361893,5,22,9,1,0.000645814,-0.000645814,-6e-06,14,False,24,Assay_Plate1_platemap,U2-OS,N,22,12000,standard
